	0	1
0	basal_cell_of_prostate_epithelium_pseudoTILE_1	basal_cell_of_prostate_epithelium
1	basal_cell_of_prostate_epithelium_pseudoTILE_10	basal_cell_of_prostate_epithelium
2	basal_cell_of_prostate_epithelium_pseudoTILE_100	basal_cell_of_prostate_epithelium
3	basal_cell_of_prostate_epithelium_pseudoTILE_101	basal_cell_of_prostate_epithelium
4	basal_cell_of_prostate_epithelium_pseudoTILE_102	basal_cell_of_prostate_epithelium
5	basal_cell_of_prostate_epithelium_pseudoTILE_103	basal_cell_of_prostate_epithelium
6	basal_cell_of_prostate_epithelium_pseudoTILE_104	basal_cell_of_prostate_epithelium
7	basal_cell_of_prostate_epithelium_pseudoTILE_105	basal_cell_of_prostate_epithelium
8	basal_cell_of_prostate_epithelium_pseudoTILE_106	basal_cell_of_prostate_epithelium
9	basal_cell_of_prostate_epithelium_pseudoTILE_107	basal_cell_of_prostate_epithelium
10	basal_cell_of_prostate_epithelium_pseudoTILE_108	basal_cell_of_prostate_epithelium
11	basal_cell_of_prostate_epithelium_pseudoTILE_109	basal_cell_of_prostate_epithelium
12	basal_cell_of_prostate_epithelium_pseudoTILE_11	basal_cell_of_prostate_epithelium
13	basal_cell_of_prostate_epithelium_pseudoTILE_110	basal_cell_of_prostate_epithelium
14	basal_cell_of_prostate_epithelium_pseudoTILE_111	basal_cell_of_prostate_epithelium
15	basal_cell_of_prostate_epithelium_pseudoTILE_112	basal_cell_of_prostate_epithelium
16	basal_cell_of_prostate_epithelium_pseudoTILE_113	basal_cell_of_prostate_epithelium
17	basal_cell_of_prostate_epithelium_pseudoTILE_114	basal_cell_of_prostate_epithelium
18	basal_cell_of_prostate_epithelium_pseudoTILE_115	basal_cell_of_prostate_epithelium
19	basal_cell_of_prostate_epithelium_pseudoTILE_116	basal_cell_of_prostate_epithelium
20	basal_cell_of_prostate_epithelium_pseudoTILE_117	basal_cell_of_prostate_epithelium
21	basal_cell_of_prostate_epithelium_pseudoTILE_118	basal_cell_of_prostate_epithelium
22	basal_cell_of_prostate_epithelium_pseudoTILE_119	basal_cell_of_prostate_epithelium
23	basal_cell_of_prostate_epithelium_pseudoTILE_12	basal_cell_of_prostate_epithelium
24	basal_cell_of_prostate_epithelium_pseudoTILE_120	basal_cell_of_prostate_epithelium
25	basal_cell_of_prostate_epithelium_pseudoTILE_121	basal_cell_of_prostate_epithelium
26	basal_cell_of_prostate_epithelium_pseudoTILE_122	basal_cell_of_prostate_epithelium
27	basal_cell_of_prostate_epithelium_pseudoTILE_123	basal_cell_of_prostate_epithelium
28	basal_cell_of_prostate_epithelium_pseudoTILE_124	basal_cell_of_prostate_epithelium
29	basal_cell_of_prostate_epithelium_pseudoTILE_125	basal_cell_of_prostate_epithelium
30	basal_cell_of_prostate_epithelium_pseudoTILE_126	basal_cell_of_prostate_epithelium
31	basal_cell_of_prostate_epithelium_pseudoTILE_127	basal_cell_of_prostate_epithelium
32	basal_cell_of_prostate_epithelium_pseudoTILE_128	basal_cell_of_prostate_epithelium
33	basal_cell_of_prostate_epithelium_pseudoTILE_129	basal_cell_of_prostate_epithelium
34	basal_cell_of_prostate_epithelium_pseudoTILE_13	basal_cell_of_prostate_epithelium
35	basal_cell_of_prostate_epithelium_pseudoTILE_130	basal_cell_of_prostate_epithelium
36	basal_cell_of_prostate_epithelium_pseudoTILE_131	basal_cell_of_prostate_epithelium
37	basal_cell_of_prostate_epithelium_pseudoTILE_132	basal_cell_of_prostate_epithelium
38	basal_cell_of_prostate_epithelium_pseudoTILE_133	basal_cell_of_prostate_epithelium
39	basal_cell_of_prostate_epithelium_pseudoTILE_134	basal_cell_of_prostate_epithelium
40	basal_cell_of_prostate_epithelium_pseudoTILE_135	basal_cell_of_prostate_epithelium
41	basal_cell_of_prostate_epithelium_pseudoTILE_136	basal_cell_of_prostate_epithelium
42	basal_cell_of_prostate_epithelium_pseudoTILE_137	basal_cell_of_prostate_epithelium
43	basal_cell_of_prostate_epithelium_pseudoTILE_138	basal_cell_of_prostate_epithelium
44	basal_cell_of_prostate_epithelium_pseudoTILE_139	basal_cell_of_prostate_epithelium
45	basal_cell_of_prostate_epithelium_pseudoTILE_14	basal_cell_of_prostate_epithelium
46	basal_cell_of_prostate_epithelium_pseudoTILE_140	basal_cell_of_prostate_epithelium
47	basal_cell_of_prostate_epithelium_pseudoTILE_141	basal_cell_of_prostate_epithelium
48	basal_cell_of_prostate_epithelium_pseudoTILE_142	basal_cell_of_prostate_epithelium
49	basal_cell_of_prostate_epithelium_pseudoTILE_143	basal_cell_of_prostate_epithelium
50	basal_cell_of_prostate_epithelium_pseudoTILE_144	basal_cell_of_prostate_epithelium
51	basal_cell_of_prostate_epithelium_pseudoTILE_145	basal_cell_of_prostate_epithelium
52	basal_cell_of_prostate_epithelium_pseudoTILE_146	basal_cell_of_prostate_epithelium
53	basal_cell_of_prostate_epithelium_pseudoTILE_147	basal_cell_of_prostate_epithelium
54	basal_cell_of_prostate_epithelium_pseudoTILE_148	basal_cell_of_prostate_epithelium
55	basal_cell_of_prostate_epithelium_pseudoTILE_149	basal_cell_of_prostate_epithelium
56	basal_cell_of_prostate_epithelium_pseudoTILE_15	basal_cell_of_prostate_epithelium
57	basal_cell_of_prostate_epithelium_pseudoTILE_150	basal_cell_of_prostate_epithelium
58	basal_cell_of_prostate_epithelium_pseudoTILE_151	basal_cell_of_prostate_epithelium
59	basal_cell_of_prostate_epithelium_pseudoTILE_152	basal_cell_of_prostate_epithelium
60	basal_cell_of_prostate_epithelium_pseudoTILE_153	basal_cell_of_prostate_epithelium
61	basal_cell_of_prostate_epithelium_pseudoTILE_154	basal_cell_of_prostate_epithelium
62	basal_cell_of_prostate_epithelium_pseudoTILE_155	basal_cell_of_prostate_epithelium
63	basal_cell_of_prostate_epithelium_pseudoTILE_156	basal_cell_of_prostate_epithelium
64	basal_cell_of_prostate_epithelium_pseudoTILE_157	basal_cell_of_prostate_epithelium
65	basal_cell_of_prostate_epithelium_pseudoTILE_158	basal_cell_of_prostate_epithelium
66	basal_cell_of_prostate_epithelium_pseudoTILE_159	basal_cell_of_prostate_epithelium
67	basal_cell_of_prostate_epithelium_pseudoTILE_16	basal_cell_of_prostate_epithelium
68	basal_cell_of_prostate_epithelium_pseudoTILE_160	basal_cell_of_prostate_epithelium
69	basal_cell_of_prostate_epithelium_pseudoTILE_161	basal_cell_of_prostate_epithelium
70	basal_cell_of_prostate_epithelium_pseudoTILE_162	basal_cell_of_prostate_epithelium
71	basal_cell_of_prostate_epithelium_pseudoTILE_163	basal_cell_of_prostate_epithelium
72	basal_cell_of_prostate_epithelium_pseudoTILE_164	basal_cell_of_prostate_epithelium
73	basal_cell_of_prostate_epithelium_pseudoTILE_165	basal_cell_of_prostate_epithelium
74	basal_cell_of_prostate_epithelium_pseudoTILE_166	basal_cell_of_prostate_epithelium
75	basal_cell_of_prostate_epithelium_pseudoTILE_167	basal_cell_of_prostate_epithelium
76	basal_cell_of_prostate_epithelium_pseudoTILE_168	basal_cell_of_prostate_epithelium
77	basal_cell_of_prostate_epithelium_pseudoTILE_169	basal_cell_of_prostate_epithelium
78	basal_cell_of_prostate_epithelium_pseudoTILE_17	basal_cell_of_prostate_epithelium
79	basal_cell_of_prostate_epithelium_pseudoTILE_170	basal_cell_of_prostate_epithelium
80	basal_cell_of_prostate_epithelium_pseudoTILE_171	basal_cell_of_prostate_epithelium
81	basal_cell_of_prostate_epithelium_pseudoTILE_172	basal_cell_of_prostate_epithelium
82	basal_cell_of_prostate_epithelium_pseudoTILE_173	basal_cell_of_prostate_epithelium
83	basal_cell_of_prostate_epithelium_pseudoTILE_174	basal_cell_of_prostate_epithelium
84	basal_cell_of_prostate_epithelium_pseudoTILE_175	basal_cell_of_prostate_epithelium
85	basal_cell_of_prostate_epithelium_pseudoTILE_176	basal_cell_of_prostate_epithelium
86	basal_cell_of_prostate_epithelium_pseudoTILE_177	basal_cell_of_prostate_epithelium
87	basal_cell_of_prostate_epithelium_pseudoTILE_178	basal_cell_of_prostate_epithelium
88	basal_cell_of_prostate_epithelium_pseudoTILE_179	basal_cell_of_prostate_epithelium
89	basal_cell_of_prostate_epithelium_pseudoTILE_18	basal_cell_of_prostate_epithelium
90	basal_cell_of_prostate_epithelium_pseudoTILE_180	basal_cell_of_prostate_epithelium
91	basal_cell_of_prostate_epithelium_pseudoTILE_181	basal_cell_of_prostate_epithelium
92	basal_cell_of_prostate_epithelium_pseudoTILE_182	basal_cell_of_prostate_epithelium
93	basal_cell_of_prostate_epithelium_pseudoTILE_183	basal_cell_of_prostate_epithelium
94	basal_cell_of_prostate_epithelium_pseudoTILE_184	basal_cell_of_prostate_epithelium
95	basal_cell_of_prostate_epithelium_pseudoTILE_185	basal_cell_of_prostate_epithelium
96	basal_cell_of_prostate_epithelium_pseudoTILE_186	basal_cell_of_prostate_epithelium
97	basal_cell_of_prostate_epithelium_pseudoTILE_187	basal_cell_of_prostate_epithelium
98	basal_cell_of_prostate_epithelium_pseudoTILE_188	basal_cell_of_prostate_epithelium
99	basal_cell_of_prostate_epithelium_pseudoTILE_189	basal_cell_of_prostate_epithelium
100	basal_cell_of_prostate_epithelium_pseudoTILE_19	basal_cell_of_prostate_epithelium
101	basal_cell_of_prostate_epithelium_pseudoTILE_190	basal_cell_of_prostate_epithelium
102	basal_cell_of_prostate_epithelium_pseudoTILE_191	basal_cell_of_prostate_epithelium
103	basal_cell_of_prostate_epithelium_pseudoTILE_192	basal_cell_of_prostate_epithelium
104	basal_cell_of_prostate_epithelium_pseudoTILE_193	basal_cell_of_prostate_epithelium
105	basal_cell_of_prostate_epithelium_pseudoTILE_194	basal_cell_of_prostate_epithelium
106	basal_cell_of_prostate_epithelium_pseudoTILE_195	basal_cell_of_prostate_epithelium
107	basal_cell_of_prostate_epithelium_pseudoTILE_196	basal_cell_of_prostate_epithelium
108	basal_cell_of_prostate_epithelium_pseudoTILE_197	basal_cell_of_prostate_epithelium
109	basal_cell_of_prostate_epithelium_pseudoTILE_198	basal_cell_of_prostate_epithelium
110	basal_cell_of_prostate_epithelium_pseudoTILE_199	basal_cell_of_prostate_epithelium
111	basal_cell_of_prostate_epithelium_pseudoTILE_2	basal_cell_of_prostate_epithelium
112	basal_cell_of_prostate_epithelium_pseudoTILE_20	basal_cell_of_prostate_epithelium
113	basal_cell_of_prostate_epithelium_pseudoTILE_200	basal_cell_of_prostate_epithelium
114	basal_cell_of_prostate_epithelium_pseudoTILE_201	basal_cell_of_prostate_epithelium
115	basal_cell_of_prostate_epithelium_pseudoTILE_202	basal_cell_of_prostate_epithelium
116	basal_cell_of_prostate_epithelium_pseudoTILE_203	basal_cell_of_prostate_epithelium
117	basal_cell_of_prostate_epithelium_pseudoTILE_204	basal_cell_of_prostate_epithelium
118	basal_cell_of_prostate_epithelium_pseudoTILE_205	basal_cell_of_prostate_epithelium
119	basal_cell_of_prostate_epithelium_pseudoTILE_206	basal_cell_of_prostate_epithelium
120	basal_cell_of_prostate_epithelium_pseudoTILE_207	basal_cell_of_prostate_epithelium
121	basal_cell_of_prostate_epithelium_pseudoTILE_208	basal_cell_of_prostate_epithelium
122	basal_cell_of_prostate_epithelium_pseudoTILE_209	basal_cell_of_prostate_epithelium
123	basal_cell_of_prostate_epithelium_pseudoTILE_21	basal_cell_of_prostate_epithelium
124	basal_cell_of_prostate_epithelium_pseudoTILE_210	basal_cell_of_prostate_epithelium
125	basal_cell_of_prostate_epithelium_pseudoTILE_211	basal_cell_of_prostate_epithelium
126	basal_cell_of_prostate_epithelium_pseudoTILE_212	basal_cell_of_prostate_epithelium
127	basal_cell_of_prostate_epithelium_pseudoTILE_213	basal_cell_of_prostate_epithelium
128	basal_cell_of_prostate_epithelium_pseudoTILE_214	basal_cell_of_prostate_epithelium
129	basal_cell_of_prostate_epithelium_pseudoTILE_215	basal_cell_of_prostate_epithelium
130	basal_cell_of_prostate_epithelium_pseudoTILE_216	basal_cell_of_prostate_epithelium
131	basal_cell_of_prostate_epithelium_pseudoTILE_217	basal_cell_of_prostate_epithelium
132	basal_cell_of_prostate_epithelium_pseudoTILE_218	basal_cell_of_prostate_epithelium
133	basal_cell_of_prostate_epithelium_pseudoTILE_219	basal_cell_of_prostate_epithelium
134	basal_cell_of_prostate_epithelium_pseudoTILE_22	basal_cell_of_prostate_epithelium
135	basal_cell_of_prostate_epithelium_pseudoTILE_220	basal_cell_of_prostate_epithelium
136	basal_cell_of_prostate_epithelium_pseudoTILE_221	basal_cell_of_prostate_epithelium
137	basal_cell_of_prostate_epithelium_pseudoTILE_222	basal_cell_of_prostate_epithelium
138	basal_cell_of_prostate_epithelium_pseudoTILE_223	basal_cell_of_prostate_epithelium
139	basal_cell_of_prostate_epithelium_pseudoTILE_224	basal_cell_of_prostate_epithelium
140	basal_cell_of_prostate_epithelium_pseudoTILE_225	basal_cell_of_prostate_epithelium
141	basal_cell_of_prostate_epithelium_pseudoTILE_226	basal_cell_of_prostate_epithelium
142	basal_cell_of_prostate_epithelium_pseudoTILE_227	basal_cell_of_prostate_epithelium
143	basal_cell_of_prostate_epithelium_pseudoTILE_228	basal_cell_of_prostate_epithelium
144	basal_cell_of_prostate_epithelium_pseudoTILE_229	basal_cell_of_prostate_epithelium
145	basal_cell_of_prostate_epithelium_pseudoTILE_23	basal_cell_of_prostate_epithelium
146	basal_cell_of_prostate_epithelium_pseudoTILE_230	basal_cell_of_prostate_epithelium
147	basal_cell_of_prostate_epithelium_pseudoTILE_231	basal_cell_of_prostate_epithelium
148	basal_cell_of_prostate_epithelium_pseudoTILE_232	basal_cell_of_prostate_epithelium
149	basal_cell_of_prostate_epithelium_pseudoTILE_233	basal_cell_of_prostate_epithelium
150	basal_cell_of_prostate_epithelium_pseudoTILE_234	basal_cell_of_prostate_epithelium
151	basal_cell_of_prostate_epithelium_pseudoTILE_235	basal_cell_of_prostate_epithelium
152	basal_cell_of_prostate_epithelium_pseudoTILE_236	basal_cell_of_prostate_epithelium
153	basal_cell_of_prostate_epithelium_pseudoTILE_237	basal_cell_of_prostate_epithelium
154	basal_cell_of_prostate_epithelium_pseudoTILE_238	basal_cell_of_prostate_epithelium
155	basal_cell_of_prostate_epithelium_pseudoTILE_239	basal_cell_of_prostate_epithelium
156	basal_cell_of_prostate_epithelium_pseudoTILE_24	basal_cell_of_prostate_epithelium
157	basal_cell_of_prostate_epithelium_pseudoTILE_240	basal_cell_of_prostate_epithelium
158	basal_cell_of_prostate_epithelium_pseudoTILE_241	basal_cell_of_prostate_epithelium
159	basal_cell_of_prostate_epithelium_pseudoTILE_242	basal_cell_of_prostate_epithelium
160	basal_cell_of_prostate_epithelium_pseudoTILE_243	basal_cell_of_prostate_epithelium
161	basal_cell_of_prostate_epithelium_pseudoTILE_244	basal_cell_of_prostate_epithelium
162	basal_cell_of_prostate_epithelium_pseudoTILE_245	basal_cell_of_prostate_epithelium
163	basal_cell_of_prostate_epithelium_pseudoTILE_246	basal_cell_of_prostate_epithelium
164	basal_cell_of_prostate_epithelium_pseudoTILE_247	basal_cell_of_prostate_epithelium
165	basal_cell_of_prostate_epithelium_pseudoTILE_248	basal_cell_of_prostate_epithelium
166	basal_cell_of_prostate_epithelium_pseudoTILE_249	basal_cell_of_prostate_epithelium
167	basal_cell_of_prostate_epithelium_pseudoTILE_25	basal_cell_of_prostate_epithelium
168	basal_cell_of_prostate_epithelium_pseudoTILE_250	basal_cell_of_prostate_epithelium
169	basal_cell_of_prostate_epithelium_pseudoTILE_251	basal_cell_of_prostate_epithelium
170	basal_cell_of_prostate_epithelium_pseudoTILE_252	basal_cell_of_prostate_epithelium
171	basal_cell_of_prostate_epithelium_pseudoTILE_253	basal_cell_of_prostate_epithelium
172	basal_cell_of_prostate_epithelium_pseudoTILE_254	basal_cell_of_prostate_epithelium
173	basal_cell_of_prostate_epithelium_pseudoTILE_255	basal_cell_of_prostate_epithelium
174	basal_cell_of_prostate_epithelium_pseudoTILE_256	basal_cell_of_prostate_epithelium
175	basal_cell_of_prostate_epithelium_pseudoTILE_257	basal_cell_of_prostate_epithelium
176	basal_cell_of_prostate_epithelium_pseudoTILE_258	basal_cell_of_prostate_epithelium
177	basal_cell_of_prostate_epithelium_pseudoTILE_259	basal_cell_of_prostate_epithelium
178	basal_cell_of_prostate_epithelium_pseudoTILE_26	basal_cell_of_prostate_epithelium
179	basal_cell_of_prostate_epithelium_pseudoTILE_260	basal_cell_of_prostate_epithelium
180	basal_cell_of_prostate_epithelium_pseudoTILE_261	basal_cell_of_prostate_epithelium
181	basal_cell_of_prostate_epithelium_pseudoTILE_262	basal_cell_of_prostate_epithelium
182	basal_cell_of_prostate_epithelium_pseudoTILE_263	basal_cell_of_prostate_epithelium
183	basal_cell_of_prostate_epithelium_pseudoTILE_264	basal_cell_of_prostate_epithelium
184	basal_cell_of_prostate_epithelium_pseudoTILE_265	basal_cell_of_prostate_epithelium
185	basal_cell_of_prostate_epithelium_pseudoTILE_266	basal_cell_of_prostate_epithelium
186	basal_cell_of_prostate_epithelium_pseudoTILE_267	basal_cell_of_prostate_epithelium
187	basal_cell_of_prostate_epithelium_pseudoTILE_268	basal_cell_of_prostate_epithelium
188	basal_cell_of_prostate_epithelium_pseudoTILE_269	basal_cell_of_prostate_epithelium
189	basal_cell_of_prostate_epithelium_pseudoTILE_27	basal_cell_of_prostate_epithelium
190	basal_cell_of_prostate_epithelium_pseudoTILE_270	basal_cell_of_prostate_epithelium
191	basal_cell_of_prostate_epithelium_pseudoTILE_271	basal_cell_of_prostate_epithelium
192	basal_cell_of_prostate_epithelium_pseudoTILE_272	basal_cell_of_prostate_epithelium
193	basal_cell_of_prostate_epithelium_pseudoTILE_273	basal_cell_of_prostate_epithelium
194	basal_cell_of_prostate_epithelium_pseudoTILE_274	basal_cell_of_prostate_epithelium
195	basal_cell_of_prostate_epithelium_pseudoTILE_275	basal_cell_of_prostate_epithelium
196	basal_cell_of_prostate_epithelium_pseudoTILE_276	basal_cell_of_prostate_epithelium
197	basal_cell_of_prostate_epithelium_pseudoTILE_277	basal_cell_of_prostate_epithelium
198	basal_cell_of_prostate_epithelium_pseudoTILE_278	basal_cell_of_prostate_epithelium
199	basal_cell_of_prostate_epithelium_pseudoTILE_279	basal_cell_of_prostate_epithelium
200	basal_cell_of_prostate_epithelium_pseudoTILE_28	basal_cell_of_prostate_epithelium
201	basal_cell_of_prostate_epithelium_pseudoTILE_280	basal_cell_of_prostate_epithelium
202	basal_cell_of_prostate_epithelium_pseudoTILE_281	basal_cell_of_prostate_epithelium
203	basal_cell_of_prostate_epithelium_pseudoTILE_282	basal_cell_of_prostate_epithelium
204	basal_cell_of_prostate_epithelium_pseudoTILE_283	basal_cell_of_prostate_epithelium
205	basal_cell_of_prostate_epithelium_pseudoTILE_284	basal_cell_of_prostate_epithelium
206	basal_cell_of_prostate_epithelium_pseudoTILE_285	basal_cell_of_prostate_epithelium
207	basal_cell_of_prostate_epithelium_pseudoTILE_286	basal_cell_of_prostate_epithelium
208	basal_cell_of_prostate_epithelium_pseudoTILE_287	basal_cell_of_prostate_epithelium
209	basal_cell_of_prostate_epithelium_pseudoTILE_288	basal_cell_of_prostate_epithelium
210	basal_cell_of_prostate_epithelium_pseudoTILE_289	basal_cell_of_prostate_epithelium
211	basal_cell_of_prostate_epithelium_pseudoTILE_29	basal_cell_of_prostate_epithelium
212	basal_cell_of_prostate_epithelium_pseudoTILE_290	basal_cell_of_prostate_epithelium
213	basal_cell_of_prostate_epithelium_pseudoTILE_291	basal_cell_of_prostate_epithelium
214	basal_cell_of_prostate_epithelium_pseudoTILE_292	basal_cell_of_prostate_epithelium
215	basal_cell_of_prostate_epithelium_pseudoTILE_293	basal_cell_of_prostate_epithelium
216	basal_cell_of_prostate_epithelium_pseudoTILE_294	basal_cell_of_prostate_epithelium
217	basal_cell_of_prostate_epithelium_pseudoTILE_295	basal_cell_of_prostate_epithelium
218	basal_cell_of_prostate_epithelium_pseudoTILE_296	basal_cell_of_prostate_epithelium
219	basal_cell_of_prostate_epithelium_pseudoTILE_297	basal_cell_of_prostate_epithelium
220	basal_cell_of_prostate_epithelium_pseudoTILE_298	basal_cell_of_prostate_epithelium
221	basal_cell_of_prostate_epithelium_pseudoTILE_299	basal_cell_of_prostate_epithelium
222	basal_cell_of_prostate_epithelium_pseudoTILE_3	basal_cell_of_prostate_epithelium
223	basal_cell_of_prostate_epithelium_pseudoTILE_30	basal_cell_of_prostate_epithelium
224	basal_cell_of_prostate_epithelium_pseudoTILE_300	basal_cell_of_prostate_epithelium
225	basal_cell_of_prostate_epithelium_pseudoTILE_301	basal_cell_of_prostate_epithelium
226	basal_cell_of_prostate_epithelium_pseudoTILE_302	basal_cell_of_prostate_epithelium
227	basal_cell_of_prostate_epithelium_pseudoTILE_303	basal_cell_of_prostate_epithelium
228	basal_cell_of_prostate_epithelium_pseudoTILE_304	basal_cell_of_prostate_epithelium
229	basal_cell_of_prostate_epithelium_pseudoTILE_305	basal_cell_of_prostate_epithelium
230	basal_cell_of_prostate_epithelium_pseudoTILE_306	basal_cell_of_prostate_epithelium
231	basal_cell_of_prostate_epithelium_pseudoTILE_307	basal_cell_of_prostate_epithelium
232	basal_cell_of_prostate_epithelium_pseudoTILE_308	basal_cell_of_prostate_epithelium
233	basal_cell_of_prostate_epithelium_pseudoTILE_309	basal_cell_of_prostate_epithelium
234	basal_cell_of_prostate_epithelium_pseudoTILE_31	basal_cell_of_prostate_epithelium
235	basal_cell_of_prostate_epithelium_pseudoTILE_310	basal_cell_of_prostate_epithelium
236	basal_cell_of_prostate_epithelium_pseudoTILE_311	basal_cell_of_prostate_epithelium
237	basal_cell_of_prostate_epithelium_pseudoTILE_312	basal_cell_of_prostate_epithelium
238	basal_cell_of_prostate_epithelium_pseudoTILE_313	basal_cell_of_prostate_epithelium
239	basal_cell_of_prostate_epithelium_pseudoTILE_314	basal_cell_of_prostate_epithelium
240	basal_cell_of_prostate_epithelium_pseudoTILE_315	basal_cell_of_prostate_epithelium
241	basal_cell_of_prostate_epithelium_pseudoTILE_316	basal_cell_of_prostate_epithelium
242	basal_cell_of_prostate_epithelium_pseudoTILE_317	basal_cell_of_prostate_epithelium
243	basal_cell_of_prostate_epithelium_pseudoTILE_318	basal_cell_of_prostate_epithelium
244	basal_cell_of_prostate_epithelium_pseudoTILE_319	basal_cell_of_prostate_epithelium
245	basal_cell_of_prostate_epithelium_pseudoTILE_32	basal_cell_of_prostate_epithelium
246	basal_cell_of_prostate_epithelium_pseudoTILE_320	basal_cell_of_prostate_epithelium
247	basal_cell_of_prostate_epithelium_pseudoTILE_321	basal_cell_of_prostate_epithelium
248	basal_cell_of_prostate_epithelium_pseudoTILE_322	basal_cell_of_prostate_epithelium
249	basal_cell_of_prostate_epithelium_pseudoTILE_323	basal_cell_of_prostate_epithelium
250	basal_cell_of_prostate_epithelium_pseudoTILE_324	basal_cell_of_prostate_epithelium
251	basal_cell_of_prostate_epithelium_pseudoTILE_325	basal_cell_of_prostate_epithelium
252	basal_cell_of_prostate_epithelium_pseudoTILE_326	basal_cell_of_prostate_epithelium
253	basal_cell_of_prostate_epithelium_pseudoTILE_327	basal_cell_of_prostate_epithelium
254	basal_cell_of_prostate_epithelium_pseudoTILE_328	basal_cell_of_prostate_epithelium
255	basal_cell_of_prostate_epithelium_pseudoTILE_329	basal_cell_of_prostate_epithelium
256	basal_cell_of_prostate_epithelium_pseudoTILE_33	basal_cell_of_prostate_epithelium
257	basal_cell_of_prostate_epithelium_pseudoTILE_330	basal_cell_of_prostate_epithelium
258	basal_cell_of_prostate_epithelium_pseudoTILE_331	basal_cell_of_prostate_epithelium
259	basal_cell_of_prostate_epithelium_pseudoTILE_332	basal_cell_of_prostate_epithelium
260	basal_cell_of_prostate_epithelium_pseudoTILE_333	basal_cell_of_prostate_epithelium
261	basal_cell_of_prostate_epithelium_pseudoTILE_334	basal_cell_of_prostate_epithelium
262	basal_cell_of_prostate_epithelium_pseudoTILE_335	basal_cell_of_prostate_epithelium
263	basal_cell_of_prostate_epithelium_pseudoTILE_336	basal_cell_of_prostate_epithelium
264	basal_cell_of_prostate_epithelium_pseudoTILE_337	basal_cell_of_prostate_epithelium
265	basal_cell_of_prostate_epithelium_pseudoTILE_338	basal_cell_of_prostate_epithelium
266	basal_cell_of_prostate_epithelium_pseudoTILE_339	basal_cell_of_prostate_epithelium
267	basal_cell_of_prostate_epithelium_pseudoTILE_34	basal_cell_of_prostate_epithelium
268	basal_cell_of_prostate_epithelium_pseudoTILE_340	basal_cell_of_prostate_epithelium
269	basal_cell_of_prostate_epithelium_pseudoTILE_341	basal_cell_of_prostate_epithelium
270	basal_cell_of_prostate_epithelium_pseudoTILE_342	basal_cell_of_prostate_epithelium
271	basal_cell_of_prostate_epithelium_pseudoTILE_343	basal_cell_of_prostate_epithelium
272	basal_cell_of_prostate_epithelium_pseudoTILE_344	basal_cell_of_prostate_epithelium
273	basal_cell_of_prostate_epithelium_pseudoTILE_345	basal_cell_of_prostate_epithelium
274	basal_cell_of_prostate_epithelium_pseudoTILE_35	basal_cell_of_prostate_epithelium
275	basal_cell_of_prostate_epithelium_pseudoTILE_36	basal_cell_of_prostate_epithelium
276	basal_cell_of_prostate_epithelium_pseudoTILE_37	basal_cell_of_prostate_epithelium
277	basal_cell_of_prostate_epithelium_pseudoTILE_38	basal_cell_of_prostate_epithelium
278	basal_cell_of_prostate_epithelium_pseudoTILE_39	basal_cell_of_prostate_epithelium
279	basal_cell_of_prostate_epithelium_pseudoTILE_4	basal_cell_of_prostate_epithelium
280	basal_cell_of_prostate_epithelium_pseudoTILE_40	basal_cell_of_prostate_epithelium
281	basal_cell_of_prostate_epithelium_pseudoTILE_41	basal_cell_of_prostate_epithelium
282	basal_cell_of_prostate_epithelium_pseudoTILE_42	basal_cell_of_prostate_epithelium
283	basal_cell_of_prostate_epithelium_pseudoTILE_43	basal_cell_of_prostate_epithelium
284	basal_cell_of_prostate_epithelium_pseudoTILE_44	basal_cell_of_prostate_epithelium
285	basal_cell_of_prostate_epithelium_pseudoTILE_45	basal_cell_of_prostate_epithelium
286	basal_cell_of_prostate_epithelium_pseudoTILE_46	basal_cell_of_prostate_epithelium
287	basal_cell_of_prostate_epithelium_pseudoTILE_47	basal_cell_of_prostate_epithelium
288	basal_cell_of_prostate_epithelium_pseudoTILE_48	basal_cell_of_prostate_epithelium
289	basal_cell_of_prostate_epithelium_pseudoTILE_49	basal_cell_of_prostate_epithelium
290	basal_cell_of_prostate_epithelium_pseudoTILE_5	basal_cell_of_prostate_epithelium
291	basal_cell_of_prostate_epithelium_pseudoTILE_50	basal_cell_of_prostate_epithelium
292	basal_cell_of_prostate_epithelium_pseudoTILE_51	basal_cell_of_prostate_epithelium
293	basal_cell_of_prostate_epithelium_pseudoTILE_52	basal_cell_of_prostate_epithelium
294	basal_cell_of_prostate_epithelium_pseudoTILE_53	basal_cell_of_prostate_epithelium
295	basal_cell_of_prostate_epithelium_pseudoTILE_54	basal_cell_of_prostate_epithelium
296	basal_cell_of_prostate_epithelium_pseudoTILE_55	basal_cell_of_prostate_epithelium
297	basal_cell_of_prostate_epithelium_pseudoTILE_56	basal_cell_of_prostate_epithelium
298	basal_cell_of_prostate_epithelium_pseudoTILE_57	basal_cell_of_prostate_epithelium
299	basal_cell_of_prostate_epithelium_pseudoTILE_58	basal_cell_of_prostate_epithelium
300	basal_cell_of_prostate_epithelium_pseudoTILE_59	basal_cell_of_prostate_epithelium
301	basal_cell_of_prostate_epithelium_pseudoTILE_6	basal_cell_of_prostate_epithelium
302	basal_cell_of_prostate_epithelium_pseudoTILE_60	basal_cell_of_prostate_epithelium
303	basal_cell_of_prostate_epithelium_pseudoTILE_61	basal_cell_of_prostate_epithelium
304	basal_cell_of_prostate_epithelium_pseudoTILE_62	basal_cell_of_prostate_epithelium
305	basal_cell_of_prostate_epithelium_pseudoTILE_63	basal_cell_of_prostate_epithelium
306	basal_cell_of_prostate_epithelium_pseudoTILE_64	basal_cell_of_prostate_epithelium
307	basal_cell_of_prostate_epithelium_pseudoTILE_65	basal_cell_of_prostate_epithelium
308	basal_cell_of_prostate_epithelium_pseudoTILE_66	basal_cell_of_prostate_epithelium
309	basal_cell_of_prostate_epithelium_pseudoTILE_67	basal_cell_of_prostate_epithelium
310	basal_cell_of_prostate_epithelium_pseudoTILE_68	basal_cell_of_prostate_epithelium
311	basal_cell_of_prostate_epithelium_pseudoTILE_69	basal_cell_of_prostate_epithelium
312	basal_cell_of_prostate_epithelium_pseudoTILE_7	basal_cell_of_prostate_epithelium
313	basal_cell_of_prostate_epithelium_pseudoTILE_70	basal_cell_of_prostate_epithelium
314	basal_cell_of_prostate_epithelium_pseudoTILE_71	basal_cell_of_prostate_epithelium
315	basal_cell_of_prostate_epithelium_pseudoTILE_72	basal_cell_of_prostate_epithelium
316	basal_cell_of_prostate_epithelium_pseudoTILE_73	basal_cell_of_prostate_epithelium
317	basal_cell_of_prostate_epithelium_pseudoTILE_74	basal_cell_of_prostate_epithelium
318	basal_cell_of_prostate_epithelium_pseudoTILE_75	basal_cell_of_prostate_epithelium
319	basal_cell_of_prostate_epithelium_pseudoTILE_76	basal_cell_of_prostate_epithelium
320	basal_cell_of_prostate_epithelium_pseudoTILE_77	basal_cell_of_prostate_epithelium
321	basal_cell_of_prostate_epithelium_pseudoTILE_78	basal_cell_of_prostate_epithelium
322	basal_cell_of_prostate_epithelium_pseudoTILE_79	basal_cell_of_prostate_epithelium
323	basal_cell_of_prostate_epithelium_pseudoTILE_8	basal_cell_of_prostate_epithelium
324	basal_cell_of_prostate_epithelium_pseudoTILE_80	basal_cell_of_prostate_epithelium
325	basal_cell_of_prostate_epithelium_pseudoTILE_81	basal_cell_of_prostate_epithelium
326	basal_cell_of_prostate_epithelium_pseudoTILE_82	basal_cell_of_prostate_epithelium
327	basal_cell_of_prostate_epithelium_pseudoTILE_83	basal_cell_of_prostate_epithelium
328	basal_cell_of_prostate_epithelium_pseudoTILE_84	basal_cell_of_prostate_epithelium
329	basal_cell_of_prostate_epithelium_pseudoTILE_85	basal_cell_of_prostate_epithelium
330	basal_cell_of_prostate_epithelium_pseudoTILE_86	basal_cell_of_prostate_epithelium
331	basal_cell_of_prostate_epithelium_pseudoTILE_87	basal_cell_of_prostate_epithelium
332	basal_cell_of_prostate_epithelium_pseudoTILE_88	basal_cell_of_prostate_epithelium
333	basal_cell_of_prostate_epithelium_pseudoTILE_89	basal_cell_of_prostate_epithelium
334	basal_cell_of_prostate_epithelium_pseudoTILE_9	basal_cell_of_prostate_epithelium
335	basal_cell_of_prostate_epithelium_pseudoTILE_90	basal_cell_of_prostate_epithelium
336	basal_cell_of_prostate_epithelium_pseudoTILE_91	basal_cell_of_prostate_epithelium
337	basal_cell_of_prostate_epithelium_pseudoTILE_92	basal_cell_of_prostate_epithelium
338	basal_cell_of_prostate_epithelium_pseudoTILE_93	basal_cell_of_prostate_epithelium
339	basal_cell_of_prostate_epithelium_pseudoTILE_94	basal_cell_of_prostate_epithelium
340	basal_cell_of_prostate_epithelium_pseudoTILE_95	basal_cell_of_prostate_epithelium
341	basal_cell_of_prostate_epithelium_pseudoTILE_96	basal_cell_of_prostate_epithelium
342	basal_cell_of_prostate_epithelium_pseudoTILE_97	basal_cell_of_prostate_epithelium
343	basal_cell_of_prostate_epithelium_pseudoTILE_98	basal_cell_of_prostate_epithelium
344	basal_cell_of_prostate_epithelium_pseudoTILE_99	basal_cell_of_prostate_epithelium
345	basal_epithelial_cell_of_prostatic_duct_pseudoTILE_1	basal_epithelial_cell_of_prostatic_duct
346	basal_epithelial_cell_of_prostatic_duct_pseudoTILE_10	basal_epithelial_cell_of_prostatic_duct
347	basal_epithelial_cell_of_prostatic_duct_pseudoTILE_100	basal_epithelial_cell_of_prostatic_duct
348	basal_epithelial_cell_of_prostatic_duct_pseudoTILE_101	basal_epithelial_cell_of_prostatic_duct
349	basal_epithelial_cell_of_prostatic_duct_pseudoTILE_102	basal_epithelial_cell_of_prostatic_duct
350	basal_epithelial_cell_of_prostatic_duct_pseudoTILE_103	basal_epithelial_cell_of_prostatic_duct
351	basal_epithelial_cell_of_prostatic_duct_pseudoTILE_104	basal_epithelial_cell_of_prostatic_duct
352	basal_epithelial_cell_of_prostatic_duct_pseudoTILE_105	basal_epithelial_cell_of_prostatic_duct
353	basal_epithelial_cell_of_prostatic_duct_pseudoTILE_106	basal_epithelial_cell_of_prostatic_duct
354	basal_epithelial_cell_of_prostatic_duct_pseudoTILE_107	basal_epithelial_cell_of_prostatic_duct
355	basal_epithelial_cell_of_prostatic_duct_pseudoTILE_108	basal_epithelial_cell_of_prostatic_duct
356	basal_epithelial_cell_of_prostatic_duct_pseudoTILE_109	basal_epithelial_cell_of_prostatic_duct
357	basal_epithelial_cell_of_prostatic_duct_pseudoTILE_11	basal_epithelial_cell_of_prostatic_duct
358	basal_epithelial_cell_of_prostatic_duct_pseudoTILE_110	basal_epithelial_cell_of_prostatic_duct
359	basal_epithelial_cell_of_prostatic_duct_pseudoTILE_111	basal_epithelial_cell_of_prostatic_duct
360	basal_epithelial_cell_of_prostatic_duct_pseudoTILE_112	basal_epithelial_cell_of_prostatic_duct
361	basal_epithelial_cell_of_prostatic_duct_pseudoTILE_113	basal_epithelial_cell_of_prostatic_duct
362	basal_epithelial_cell_of_prostatic_duct_pseudoTILE_114	basal_epithelial_cell_of_prostatic_duct
363	basal_epithelial_cell_of_prostatic_duct_pseudoTILE_115	basal_epithelial_cell_of_prostatic_duct
364	basal_epithelial_cell_of_prostatic_duct_pseudoTILE_116	basal_epithelial_cell_of_prostatic_duct
365	basal_epithelial_cell_of_prostatic_duct_pseudoTILE_117	basal_epithelial_cell_of_prostatic_duct
366	basal_epithelial_cell_of_prostatic_duct_pseudoTILE_118	basal_epithelial_cell_of_prostatic_duct
367	basal_epithelial_cell_of_prostatic_duct_pseudoTILE_119	basal_epithelial_cell_of_prostatic_duct
368	basal_epithelial_cell_of_prostatic_duct_pseudoTILE_12	basal_epithelial_cell_of_prostatic_duct
369	basal_epithelial_cell_of_prostatic_duct_pseudoTILE_120	basal_epithelial_cell_of_prostatic_duct
370	basal_epithelial_cell_of_prostatic_duct_pseudoTILE_121	basal_epithelial_cell_of_prostatic_duct
371	basal_epithelial_cell_of_prostatic_duct_pseudoTILE_122	basal_epithelial_cell_of_prostatic_duct
372	basal_epithelial_cell_of_prostatic_duct_pseudoTILE_123	basal_epithelial_cell_of_prostatic_duct
373	basal_epithelial_cell_of_prostatic_duct_pseudoTILE_124	basal_epithelial_cell_of_prostatic_duct
374	basal_epithelial_cell_of_prostatic_duct_pseudoTILE_125	basal_epithelial_cell_of_prostatic_duct
375	basal_epithelial_cell_of_prostatic_duct_pseudoTILE_126	basal_epithelial_cell_of_prostatic_duct
376	basal_epithelial_cell_of_prostatic_duct_pseudoTILE_127	basal_epithelial_cell_of_prostatic_duct
377	basal_epithelial_cell_of_prostatic_duct_pseudoTILE_128	basal_epithelial_cell_of_prostatic_duct
378	basal_epithelial_cell_of_prostatic_duct_pseudoTILE_129	basal_epithelial_cell_of_prostatic_duct
379	basal_epithelial_cell_of_prostatic_duct_pseudoTILE_13	basal_epithelial_cell_of_prostatic_duct
380	basal_epithelial_cell_of_prostatic_duct_pseudoTILE_130	basal_epithelial_cell_of_prostatic_duct
381	basal_epithelial_cell_of_prostatic_duct_pseudoTILE_131	basal_epithelial_cell_of_prostatic_duct
382	basal_epithelial_cell_of_prostatic_duct_pseudoTILE_132	basal_epithelial_cell_of_prostatic_duct
383	basal_epithelial_cell_of_prostatic_duct_pseudoTILE_133	basal_epithelial_cell_of_prostatic_duct
384	basal_epithelial_cell_of_prostatic_duct_pseudoTILE_134	basal_epithelial_cell_of_prostatic_duct
385	basal_epithelial_cell_of_prostatic_duct_pseudoTILE_135	basal_epithelial_cell_of_prostatic_duct
386	basal_epithelial_cell_of_prostatic_duct_pseudoTILE_136	basal_epithelial_cell_of_prostatic_duct
387	basal_epithelial_cell_of_prostatic_duct_pseudoTILE_137	basal_epithelial_cell_of_prostatic_duct
388	basal_epithelial_cell_of_prostatic_duct_pseudoTILE_138	basal_epithelial_cell_of_prostatic_duct
389	basal_epithelial_cell_of_prostatic_duct_pseudoTILE_139	basal_epithelial_cell_of_prostatic_duct
390	basal_epithelial_cell_of_prostatic_duct_pseudoTILE_14	basal_epithelial_cell_of_prostatic_duct
391	basal_epithelial_cell_of_prostatic_duct_pseudoTILE_140	basal_epithelial_cell_of_prostatic_duct
392	basal_epithelial_cell_of_prostatic_duct_pseudoTILE_141	basal_epithelial_cell_of_prostatic_duct
393	basal_epithelial_cell_of_prostatic_duct_pseudoTILE_142	basal_epithelial_cell_of_prostatic_duct
394	basal_epithelial_cell_of_prostatic_duct_pseudoTILE_143	basal_epithelial_cell_of_prostatic_duct
395	basal_epithelial_cell_of_prostatic_duct_pseudoTILE_144	basal_epithelial_cell_of_prostatic_duct
396	basal_epithelial_cell_of_prostatic_duct_pseudoTILE_145	basal_epithelial_cell_of_prostatic_duct
397	basal_epithelial_cell_of_prostatic_duct_pseudoTILE_146	basal_epithelial_cell_of_prostatic_duct
398	basal_epithelial_cell_of_prostatic_duct_pseudoTILE_147	basal_epithelial_cell_of_prostatic_duct
399	basal_epithelial_cell_of_prostatic_duct_pseudoTILE_148	basal_epithelial_cell_of_prostatic_duct
400	basal_epithelial_cell_of_prostatic_duct_pseudoTILE_149	basal_epithelial_cell_of_prostatic_duct
401	basal_epithelial_cell_of_prostatic_duct_pseudoTILE_15	basal_epithelial_cell_of_prostatic_duct
402	basal_epithelial_cell_of_prostatic_duct_pseudoTILE_150	basal_epithelial_cell_of_prostatic_duct
403	basal_epithelial_cell_of_prostatic_duct_pseudoTILE_151	basal_epithelial_cell_of_prostatic_duct
404	basal_epithelial_cell_of_prostatic_duct_pseudoTILE_152	basal_epithelial_cell_of_prostatic_duct
405	basal_epithelial_cell_of_prostatic_duct_pseudoTILE_153	basal_epithelial_cell_of_prostatic_duct
406	basal_epithelial_cell_of_prostatic_duct_pseudoTILE_154	basal_epithelial_cell_of_prostatic_duct
407	basal_epithelial_cell_of_prostatic_duct_pseudoTILE_155	basal_epithelial_cell_of_prostatic_duct
408	basal_epithelial_cell_of_prostatic_duct_pseudoTILE_156	basal_epithelial_cell_of_prostatic_duct
409	basal_epithelial_cell_of_prostatic_duct_pseudoTILE_157	basal_epithelial_cell_of_prostatic_duct
410	basal_epithelial_cell_of_prostatic_duct_pseudoTILE_158	basal_epithelial_cell_of_prostatic_duct
411	basal_epithelial_cell_of_prostatic_duct_pseudoTILE_159	basal_epithelial_cell_of_prostatic_duct
412	basal_epithelial_cell_of_prostatic_duct_pseudoTILE_16	basal_epithelial_cell_of_prostatic_duct
413	basal_epithelial_cell_of_prostatic_duct_pseudoTILE_160	basal_epithelial_cell_of_prostatic_duct
414	basal_epithelial_cell_of_prostatic_duct_pseudoTILE_161	basal_epithelial_cell_of_prostatic_duct
415	basal_epithelial_cell_of_prostatic_duct_pseudoTILE_162	basal_epithelial_cell_of_prostatic_duct
416	basal_epithelial_cell_of_prostatic_duct_pseudoTILE_163	basal_epithelial_cell_of_prostatic_duct
417	basal_epithelial_cell_of_prostatic_duct_pseudoTILE_164	basal_epithelial_cell_of_prostatic_duct
418	basal_epithelial_cell_of_prostatic_duct_pseudoTILE_165	basal_epithelial_cell_of_prostatic_duct
419	basal_epithelial_cell_of_prostatic_duct_pseudoTILE_166	basal_epithelial_cell_of_prostatic_duct
420	basal_epithelial_cell_of_prostatic_duct_pseudoTILE_167	basal_epithelial_cell_of_prostatic_duct
421	basal_epithelial_cell_of_prostatic_duct_pseudoTILE_168	basal_epithelial_cell_of_prostatic_duct
422	basal_epithelial_cell_of_prostatic_duct_pseudoTILE_169	basal_epithelial_cell_of_prostatic_duct
423	basal_epithelial_cell_of_prostatic_duct_pseudoTILE_17	basal_epithelial_cell_of_prostatic_duct
424	basal_epithelial_cell_of_prostatic_duct_pseudoTILE_170	basal_epithelial_cell_of_prostatic_duct
425	basal_epithelial_cell_of_prostatic_duct_pseudoTILE_171	basal_epithelial_cell_of_prostatic_duct
426	basal_epithelial_cell_of_prostatic_duct_pseudoTILE_172	basal_epithelial_cell_of_prostatic_duct
427	basal_epithelial_cell_of_prostatic_duct_pseudoTILE_173	basal_epithelial_cell_of_prostatic_duct
428	basal_epithelial_cell_of_prostatic_duct_pseudoTILE_174	basal_epithelial_cell_of_prostatic_duct
429	basal_epithelial_cell_of_prostatic_duct_pseudoTILE_18	basal_epithelial_cell_of_prostatic_duct
430	basal_epithelial_cell_of_prostatic_duct_pseudoTILE_19	basal_epithelial_cell_of_prostatic_duct
431	basal_epithelial_cell_of_prostatic_duct_pseudoTILE_2	basal_epithelial_cell_of_prostatic_duct
432	basal_epithelial_cell_of_prostatic_duct_pseudoTILE_20	basal_epithelial_cell_of_prostatic_duct
433	basal_epithelial_cell_of_prostatic_duct_pseudoTILE_21	basal_epithelial_cell_of_prostatic_duct
434	basal_epithelial_cell_of_prostatic_duct_pseudoTILE_22	basal_epithelial_cell_of_prostatic_duct
435	basal_epithelial_cell_of_prostatic_duct_pseudoTILE_23	basal_epithelial_cell_of_prostatic_duct
436	basal_epithelial_cell_of_prostatic_duct_pseudoTILE_24	basal_epithelial_cell_of_prostatic_duct
437	basal_epithelial_cell_of_prostatic_duct_pseudoTILE_25	basal_epithelial_cell_of_prostatic_duct
438	basal_epithelial_cell_of_prostatic_duct_pseudoTILE_26	basal_epithelial_cell_of_prostatic_duct
439	basal_epithelial_cell_of_prostatic_duct_pseudoTILE_27	basal_epithelial_cell_of_prostatic_duct
440	basal_epithelial_cell_of_prostatic_duct_pseudoTILE_28	basal_epithelial_cell_of_prostatic_duct
441	basal_epithelial_cell_of_prostatic_duct_pseudoTILE_29	basal_epithelial_cell_of_prostatic_duct
442	basal_epithelial_cell_of_prostatic_duct_pseudoTILE_3	basal_epithelial_cell_of_prostatic_duct
443	basal_epithelial_cell_of_prostatic_duct_pseudoTILE_30	basal_epithelial_cell_of_prostatic_duct
444	basal_epithelial_cell_of_prostatic_duct_pseudoTILE_31	basal_epithelial_cell_of_prostatic_duct
445	basal_epithelial_cell_of_prostatic_duct_pseudoTILE_32	basal_epithelial_cell_of_prostatic_duct
446	basal_epithelial_cell_of_prostatic_duct_pseudoTILE_33	basal_epithelial_cell_of_prostatic_duct
447	basal_epithelial_cell_of_prostatic_duct_pseudoTILE_34	basal_epithelial_cell_of_prostatic_duct
448	basal_epithelial_cell_of_prostatic_duct_pseudoTILE_35	basal_epithelial_cell_of_prostatic_duct
449	basal_epithelial_cell_of_prostatic_duct_pseudoTILE_36	basal_epithelial_cell_of_prostatic_duct
450	basal_epithelial_cell_of_prostatic_duct_pseudoTILE_37	basal_epithelial_cell_of_prostatic_duct
451	basal_epithelial_cell_of_prostatic_duct_pseudoTILE_38	basal_epithelial_cell_of_prostatic_duct
452	basal_epithelial_cell_of_prostatic_duct_pseudoTILE_39	basal_epithelial_cell_of_prostatic_duct
453	basal_epithelial_cell_of_prostatic_duct_pseudoTILE_4	basal_epithelial_cell_of_prostatic_duct
454	basal_epithelial_cell_of_prostatic_duct_pseudoTILE_40	basal_epithelial_cell_of_prostatic_duct
455	basal_epithelial_cell_of_prostatic_duct_pseudoTILE_41	basal_epithelial_cell_of_prostatic_duct
456	basal_epithelial_cell_of_prostatic_duct_pseudoTILE_42	basal_epithelial_cell_of_prostatic_duct
457	basal_epithelial_cell_of_prostatic_duct_pseudoTILE_43	basal_epithelial_cell_of_prostatic_duct
458	basal_epithelial_cell_of_prostatic_duct_pseudoTILE_44	basal_epithelial_cell_of_prostatic_duct
459	basal_epithelial_cell_of_prostatic_duct_pseudoTILE_45	basal_epithelial_cell_of_prostatic_duct
460	basal_epithelial_cell_of_prostatic_duct_pseudoTILE_46	basal_epithelial_cell_of_prostatic_duct
461	basal_epithelial_cell_of_prostatic_duct_pseudoTILE_47	basal_epithelial_cell_of_prostatic_duct
462	basal_epithelial_cell_of_prostatic_duct_pseudoTILE_48	basal_epithelial_cell_of_prostatic_duct
463	basal_epithelial_cell_of_prostatic_duct_pseudoTILE_49	basal_epithelial_cell_of_prostatic_duct
464	basal_epithelial_cell_of_prostatic_duct_pseudoTILE_5	basal_epithelial_cell_of_prostatic_duct
465	basal_epithelial_cell_of_prostatic_duct_pseudoTILE_50	basal_epithelial_cell_of_prostatic_duct
466	basal_epithelial_cell_of_prostatic_duct_pseudoTILE_51	basal_epithelial_cell_of_prostatic_duct
467	basal_epithelial_cell_of_prostatic_duct_pseudoTILE_52	basal_epithelial_cell_of_prostatic_duct
468	basal_epithelial_cell_of_prostatic_duct_pseudoTILE_53	basal_epithelial_cell_of_prostatic_duct
469	basal_epithelial_cell_of_prostatic_duct_pseudoTILE_54	basal_epithelial_cell_of_prostatic_duct
470	basal_epithelial_cell_of_prostatic_duct_pseudoTILE_55	basal_epithelial_cell_of_prostatic_duct
471	basal_epithelial_cell_of_prostatic_duct_pseudoTILE_56	basal_epithelial_cell_of_prostatic_duct
472	basal_epithelial_cell_of_prostatic_duct_pseudoTILE_57	basal_epithelial_cell_of_prostatic_duct
473	basal_epithelial_cell_of_prostatic_duct_pseudoTILE_58	basal_epithelial_cell_of_prostatic_duct
474	basal_epithelial_cell_of_prostatic_duct_pseudoTILE_59	basal_epithelial_cell_of_prostatic_duct
475	basal_epithelial_cell_of_prostatic_duct_pseudoTILE_6	basal_epithelial_cell_of_prostatic_duct
476	basal_epithelial_cell_of_prostatic_duct_pseudoTILE_60	basal_epithelial_cell_of_prostatic_duct
477	basal_epithelial_cell_of_prostatic_duct_pseudoTILE_61	basal_epithelial_cell_of_prostatic_duct
478	basal_epithelial_cell_of_prostatic_duct_pseudoTILE_62	basal_epithelial_cell_of_prostatic_duct
479	basal_epithelial_cell_of_prostatic_duct_pseudoTILE_63	basal_epithelial_cell_of_prostatic_duct
480	basal_epithelial_cell_of_prostatic_duct_pseudoTILE_64	basal_epithelial_cell_of_prostatic_duct
481	basal_epithelial_cell_of_prostatic_duct_pseudoTILE_65	basal_epithelial_cell_of_prostatic_duct
482	basal_epithelial_cell_of_prostatic_duct_pseudoTILE_66	basal_epithelial_cell_of_prostatic_duct
483	basal_epithelial_cell_of_prostatic_duct_pseudoTILE_67	basal_epithelial_cell_of_prostatic_duct
484	basal_epithelial_cell_of_prostatic_duct_pseudoTILE_68	basal_epithelial_cell_of_prostatic_duct
485	basal_epithelial_cell_of_prostatic_duct_pseudoTILE_69	basal_epithelial_cell_of_prostatic_duct
486	basal_epithelial_cell_of_prostatic_duct_pseudoTILE_7	basal_epithelial_cell_of_prostatic_duct
487	basal_epithelial_cell_of_prostatic_duct_pseudoTILE_70	basal_epithelial_cell_of_prostatic_duct
488	basal_epithelial_cell_of_prostatic_duct_pseudoTILE_71	basal_epithelial_cell_of_prostatic_duct
489	basal_epithelial_cell_of_prostatic_duct_pseudoTILE_72	basal_epithelial_cell_of_prostatic_duct
490	basal_epithelial_cell_of_prostatic_duct_pseudoTILE_73	basal_epithelial_cell_of_prostatic_duct
491	basal_epithelial_cell_of_prostatic_duct_pseudoTILE_74	basal_epithelial_cell_of_prostatic_duct
492	basal_epithelial_cell_of_prostatic_duct_pseudoTILE_75	basal_epithelial_cell_of_prostatic_duct
493	basal_epithelial_cell_of_prostatic_duct_pseudoTILE_76	basal_epithelial_cell_of_prostatic_duct
494	basal_epithelial_cell_of_prostatic_duct_pseudoTILE_77	basal_epithelial_cell_of_prostatic_duct
495	basal_epithelial_cell_of_prostatic_duct_pseudoTILE_78	basal_epithelial_cell_of_prostatic_duct
496	basal_epithelial_cell_of_prostatic_duct_pseudoTILE_79	basal_epithelial_cell_of_prostatic_duct
497	basal_epithelial_cell_of_prostatic_duct_pseudoTILE_8	basal_epithelial_cell_of_prostatic_duct
498	basal_epithelial_cell_of_prostatic_duct_pseudoTILE_80	basal_epithelial_cell_of_prostatic_duct
499	basal_epithelial_cell_of_prostatic_duct_pseudoTILE_81	basal_epithelial_cell_of_prostatic_duct
500	basal_epithelial_cell_of_prostatic_duct_pseudoTILE_82	basal_epithelial_cell_of_prostatic_duct
501	basal_epithelial_cell_of_prostatic_duct_pseudoTILE_83	basal_epithelial_cell_of_prostatic_duct
502	basal_epithelial_cell_of_prostatic_duct_pseudoTILE_84	basal_epithelial_cell_of_prostatic_duct
503	basal_epithelial_cell_of_prostatic_duct_pseudoTILE_85	basal_epithelial_cell_of_prostatic_duct
504	basal_epithelial_cell_of_prostatic_duct_pseudoTILE_86	basal_epithelial_cell_of_prostatic_duct
505	basal_epithelial_cell_of_prostatic_duct_pseudoTILE_87	basal_epithelial_cell_of_prostatic_duct
506	basal_epithelial_cell_of_prostatic_duct_pseudoTILE_88	basal_epithelial_cell_of_prostatic_duct
507	basal_epithelial_cell_of_prostatic_duct_pseudoTILE_89	basal_epithelial_cell_of_prostatic_duct
508	basal_epithelial_cell_of_prostatic_duct_pseudoTILE_9	basal_epithelial_cell_of_prostatic_duct
509	basal_epithelial_cell_of_prostatic_duct_pseudoTILE_90	basal_epithelial_cell_of_prostatic_duct
510	basal_epithelial_cell_of_prostatic_duct_pseudoTILE_91	basal_epithelial_cell_of_prostatic_duct
511	basal_epithelial_cell_of_prostatic_duct_pseudoTILE_92	basal_epithelial_cell_of_prostatic_duct
512	basal_epithelial_cell_of_prostatic_duct_pseudoTILE_93	basal_epithelial_cell_of_prostatic_duct
513	basal_epithelial_cell_of_prostatic_duct_pseudoTILE_94	basal_epithelial_cell_of_prostatic_duct
514	basal_epithelial_cell_of_prostatic_duct_pseudoTILE_95	basal_epithelial_cell_of_prostatic_duct
515	basal_epithelial_cell_of_prostatic_duct_pseudoTILE_96	basal_epithelial_cell_of_prostatic_duct
516	basal_epithelial_cell_of_prostatic_duct_pseudoTILE_97	basal_epithelial_cell_of_prostatic_duct
517	basal_epithelial_cell_of_prostatic_duct_pseudoTILE_98	basal_epithelial_cell_of_prostatic_duct
518	basal_epithelial_cell_of_prostatic_duct_pseudoTILE_99	basal_epithelial_cell_of_prostatic_duct
519	tumor_cell_markers_pseudoTILE_1	tumor_cell_markers
520	tumor_cell_markers_pseudoTILE_10	tumor_cell_markers
521	tumor_cell_markers_pseudoTILE_100	tumor_cell_markers
522	tumor_cell_markers_pseudoTILE_101	tumor_cell_markers
523	tumor_cell_markers_pseudoTILE_102	tumor_cell_markers
524	tumor_cell_markers_pseudoTILE_103	tumor_cell_markers
525	tumor_cell_markers_pseudoTILE_104	tumor_cell_markers
526	tumor_cell_markers_pseudoTILE_105	tumor_cell_markers
527	tumor_cell_markers_pseudoTILE_106	tumor_cell_markers
528	tumor_cell_markers_pseudoTILE_107	tumor_cell_markers
529	tumor_cell_markers_pseudoTILE_108	tumor_cell_markers
530	tumor_cell_markers_pseudoTILE_109	tumor_cell_markers
531	tumor_cell_markers_pseudoTILE_11	tumor_cell_markers
532	tumor_cell_markers_pseudoTILE_110	tumor_cell_markers
533	tumor_cell_markers_pseudoTILE_111	tumor_cell_markers
534	tumor_cell_markers_pseudoTILE_112	tumor_cell_markers
535	tumor_cell_markers_pseudoTILE_113	tumor_cell_markers
536	tumor_cell_markers_pseudoTILE_114	tumor_cell_markers
537	tumor_cell_markers_pseudoTILE_115	tumor_cell_markers
538	tumor_cell_markers_pseudoTILE_116	tumor_cell_markers
539	tumor_cell_markers_pseudoTILE_117	tumor_cell_markers
540	tumor_cell_markers_pseudoTILE_118	tumor_cell_markers
541	tumor_cell_markers_pseudoTILE_119	tumor_cell_markers
542	tumor_cell_markers_pseudoTILE_12	tumor_cell_markers
543	tumor_cell_markers_pseudoTILE_120	tumor_cell_markers
544	tumor_cell_markers_pseudoTILE_121	tumor_cell_markers
545	tumor_cell_markers_pseudoTILE_122	tumor_cell_markers
546	tumor_cell_markers_pseudoTILE_123	tumor_cell_markers
547	tumor_cell_markers_pseudoTILE_124	tumor_cell_markers
548	tumor_cell_markers_pseudoTILE_125	tumor_cell_markers
549	tumor_cell_markers_pseudoTILE_126	tumor_cell_markers
550	tumor_cell_markers_pseudoTILE_127	tumor_cell_markers
551	tumor_cell_markers_pseudoTILE_128	tumor_cell_markers
552	tumor_cell_markers_pseudoTILE_129	tumor_cell_markers
553	tumor_cell_markers_pseudoTILE_13	tumor_cell_markers
554	tumor_cell_markers_pseudoTILE_130	tumor_cell_markers
555	tumor_cell_markers_pseudoTILE_131	tumor_cell_markers
556	tumor_cell_markers_pseudoTILE_132	tumor_cell_markers
557	tumor_cell_markers_pseudoTILE_133	tumor_cell_markers
558	tumor_cell_markers_pseudoTILE_134	tumor_cell_markers
559	tumor_cell_markers_pseudoTILE_135	tumor_cell_markers
560	tumor_cell_markers_pseudoTILE_136	tumor_cell_markers
561	tumor_cell_markers_pseudoTILE_137	tumor_cell_markers
562	tumor_cell_markers_pseudoTILE_138	tumor_cell_markers
563	tumor_cell_markers_pseudoTILE_139	tumor_cell_markers
564	tumor_cell_markers_pseudoTILE_14	tumor_cell_markers
565	tumor_cell_markers_pseudoTILE_140	tumor_cell_markers
566	tumor_cell_markers_pseudoTILE_141	tumor_cell_markers
567	tumor_cell_markers_pseudoTILE_142	tumor_cell_markers
568	tumor_cell_markers_pseudoTILE_143	tumor_cell_markers
569	tumor_cell_markers_pseudoTILE_144	tumor_cell_markers
570	tumor_cell_markers_pseudoTILE_145	tumor_cell_markers
571	tumor_cell_markers_pseudoTILE_146	tumor_cell_markers
572	tumor_cell_markers_pseudoTILE_147	tumor_cell_markers
573	tumor_cell_markers_pseudoTILE_148	tumor_cell_markers
574	tumor_cell_markers_pseudoTILE_149	tumor_cell_markers
575	tumor_cell_markers_pseudoTILE_15	tumor_cell_markers
576	tumor_cell_markers_pseudoTILE_150	tumor_cell_markers
577	tumor_cell_markers_pseudoTILE_151	tumor_cell_markers
578	tumor_cell_markers_pseudoTILE_152	tumor_cell_markers
579	tumor_cell_markers_pseudoTILE_153	tumor_cell_markers
580	tumor_cell_markers_pseudoTILE_154	tumor_cell_markers
581	tumor_cell_markers_pseudoTILE_155	tumor_cell_markers
582	tumor_cell_markers_pseudoTILE_156	tumor_cell_markers
583	tumor_cell_markers_pseudoTILE_157	tumor_cell_markers
584	tumor_cell_markers_pseudoTILE_158	tumor_cell_markers
585	tumor_cell_markers_pseudoTILE_159	tumor_cell_markers
586	tumor_cell_markers_pseudoTILE_16	tumor_cell_markers
587	tumor_cell_markers_pseudoTILE_160	tumor_cell_markers
588	tumor_cell_markers_pseudoTILE_161	tumor_cell_markers
589	tumor_cell_markers_pseudoTILE_162	tumor_cell_markers
590	tumor_cell_markers_pseudoTILE_163	tumor_cell_markers
591	tumor_cell_markers_pseudoTILE_164	tumor_cell_markers
592	tumor_cell_markers_pseudoTILE_165	tumor_cell_markers
593	tumor_cell_markers_pseudoTILE_166	tumor_cell_markers
594	tumor_cell_markers_pseudoTILE_167	tumor_cell_markers
595	tumor_cell_markers_pseudoTILE_168	tumor_cell_markers
596	tumor_cell_markers_pseudoTILE_169	tumor_cell_markers
597	tumor_cell_markers_pseudoTILE_17	tumor_cell_markers
598	tumor_cell_markers_pseudoTILE_170	tumor_cell_markers
599	tumor_cell_markers_pseudoTILE_171	tumor_cell_markers
600	tumor_cell_markers_pseudoTILE_172	tumor_cell_markers
601	tumor_cell_markers_pseudoTILE_173	tumor_cell_markers
602	tumor_cell_markers_pseudoTILE_174	tumor_cell_markers
603	tumor_cell_markers_pseudoTILE_175	tumor_cell_markers
604	tumor_cell_markers_pseudoTILE_176	tumor_cell_markers
605	tumor_cell_markers_pseudoTILE_177	tumor_cell_markers
606	tumor_cell_markers_pseudoTILE_178	tumor_cell_markers
607	tumor_cell_markers_pseudoTILE_179	tumor_cell_markers
608	tumor_cell_markers_pseudoTILE_18	tumor_cell_markers
609	tumor_cell_markers_pseudoTILE_180	tumor_cell_markers
610	tumor_cell_markers_pseudoTILE_181	tumor_cell_markers
611	tumor_cell_markers_pseudoTILE_182	tumor_cell_markers
612	tumor_cell_markers_pseudoTILE_183	tumor_cell_markers
613	tumor_cell_markers_pseudoTILE_184	tumor_cell_markers
614	tumor_cell_markers_pseudoTILE_185	tumor_cell_markers
615	tumor_cell_markers_pseudoTILE_186	tumor_cell_markers
616	tumor_cell_markers_pseudoTILE_19	tumor_cell_markers
617	tumor_cell_markers_pseudoTILE_2	tumor_cell_markers
618	tumor_cell_markers_pseudoTILE_20	tumor_cell_markers
619	tumor_cell_markers_pseudoTILE_21	tumor_cell_markers
620	tumor_cell_markers_pseudoTILE_22	tumor_cell_markers
621	tumor_cell_markers_pseudoTILE_23	tumor_cell_markers
622	tumor_cell_markers_pseudoTILE_24	tumor_cell_markers
623	tumor_cell_markers_pseudoTILE_25	tumor_cell_markers
624	tumor_cell_markers_pseudoTILE_26	tumor_cell_markers
625	tumor_cell_markers_pseudoTILE_27	tumor_cell_markers
626	tumor_cell_markers_pseudoTILE_28	tumor_cell_markers
627	tumor_cell_markers_pseudoTILE_29	tumor_cell_markers
628	tumor_cell_markers_pseudoTILE_3	tumor_cell_markers
629	tumor_cell_markers_pseudoTILE_30	tumor_cell_markers
630	tumor_cell_markers_pseudoTILE_31	tumor_cell_markers
631	tumor_cell_markers_pseudoTILE_32	tumor_cell_markers
632	tumor_cell_markers_pseudoTILE_33	tumor_cell_markers
633	tumor_cell_markers_pseudoTILE_34	tumor_cell_markers
634	tumor_cell_markers_pseudoTILE_35	tumor_cell_markers
635	tumor_cell_markers_pseudoTILE_36	tumor_cell_markers
636	tumor_cell_markers_pseudoTILE_37	tumor_cell_markers
637	tumor_cell_markers_pseudoTILE_38	tumor_cell_markers
638	tumor_cell_markers_pseudoTILE_39	tumor_cell_markers
639	tumor_cell_markers_pseudoTILE_4	tumor_cell_markers
640	tumor_cell_markers_pseudoTILE_40	tumor_cell_markers
641	tumor_cell_markers_pseudoTILE_41	tumor_cell_markers
642	tumor_cell_markers_pseudoTILE_42	tumor_cell_markers
643	tumor_cell_markers_pseudoTILE_43	tumor_cell_markers
644	tumor_cell_markers_pseudoTILE_44	tumor_cell_markers
645	tumor_cell_markers_pseudoTILE_45	tumor_cell_markers
646	tumor_cell_markers_pseudoTILE_46	tumor_cell_markers
647	tumor_cell_markers_pseudoTILE_47	tumor_cell_markers
648	tumor_cell_markers_pseudoTILE_48	tumor_cell_markers
649	tumor_cell_markers_pseudoTILE_49	tumor_cell_markers
650	tumor_cell_markers_pseudoTILE_5	tumor_cell_markers
651	tumor_cell_markers_pseudoTILE_50	tumor_cell_markers
652	tumor_cell_markers_pseudoTILE_51	tumor_cell_markers
653	tumor_cell_markers_pseudoTILE_52	tumor_cell_markers
654	tumor_cell_markers_pseudoTILE_53	tumor_cell_markers
655	tumor_cell_markers_pseudoTILE_54	tumor_cell_markers
656	tumor_cell_markers_pseudoTILE_55	tumor_cell_markers
657	tumor_cell_markers_pseudoTILE_56	tumor_cell_markers
658	tumor_cell_markers_pseudoTILE_57	tumor_cell_markers
659	tumor_cell_markers_pseudoTILE_58	tumor_cell_markers
660	tumor_cell_markers_pseudoTILE_59	tumor_cell_markers
661	tumor_cell_markers_pseudoTILE_6	tumor_cell_markers
662	tumor_cell_markers_pseudoTILE_60	tumor_cell_markers
663	tumor_cell_markers_pseudoTILE_61	tumor_cell_markers
664	tumor_cell_markers_pseudoTILE_62	tumor_cell_markers
665	tumor_cell_markers_pseudoTILE_63	tumor_cell_markers
666	tumor_cell_markers_pseudoTILE_64	tumor_cell_markers
667	tumor_cell_markers_pseudoTILE_65	tumor_cell_markers
668	tumor_cell_markers_pseudoTILE_66	tumor_cell_markers
669	tumor_cell_markers_pseudoTILE_67	tumor_cell_markers
670	tumor_cell_markers_pseudoTILE_68	tumor_cell_markers
671	tumor_cell_markers_pseudoTILE_69	tumor_cell_markers
672	tumor_cell_markers_pseudoTILE_7	tumor_cell_markers
673	tumor_cell_markers_pseudoTILE_70	tumor_cell_markers
674	tumor_cell_markers_pseudoTILE_71	tumor_cell_markers
675	tumor_cell_markers_pseudoTILE_72	tumor_cell_markers
676	tumor_cell_markers_pseudoTILE_73	tumor_cell_markers
677	tumor_cell_markers_pseudoTILE_74	tumor_cell_markers
678	tumor_cell_markers_pseudoTILE_75	tumor_cell_markers
679	tumor_cell_markers_pseudoTILE_76	tumor_cell_markers
680	tumor_cell_markers_pseudoTILE_77	tumor_cell_markers
681	tumor_cell_markers_pseudoTILE_78	tumor_cell_markers
682	tumor_cell_markers_pseudoTILE_79	tumor_cell_markers
683	tumor_cell_markers_pseudoTILE_8	tumor_cell_markers
684	tumor_cell_markers_pseudoTILE_80	tumor_cell_markers
685	tumor_cell_markers_pseudoTILE_81	tumor_cell_markers
686	tumor_cell_markers_pseudoTILE_82	tumor_cell_markers
687	tumor_cell_markers_pseudoTILE_83	tumor_cell_markers
688	tumor_cell_markers_pseudoTILE_84	tumor_cell_markers
689	tumor_cell_markers_pseudoTILE_85	tumor_cell_markers
690	tumor_cell_markers_pseudoTILE_86	tumor_cell_markers
691	tumor_cell_markers_pseudoTILE_87	tumor_cell_markers
692	tumor_cell_markers_pseudoTILE_88	tumor_cell_markers
693	tumor_cell_markers_pseudoTILE_89	tumor_cell_markers
694	tumor_cell_markers_pseudoTILE_9	tumor_cell_markers
695	tumor_cell_markers_pseudoTILE_90	tumor_cell_markers
696	tumor_cell_markers_pseudoTILE_91	tumor_cell_markers
697	tumor_cell_markers_pseudoTILE_92	tumor_cell_markers
698	tumor_cell_markers_pseudoTILE_93	tumor_cell_markers
699	tumor_cell_markers_pseudoTILE_94	tumor_cell_markers
700	tumor_cell_markers_pseudoTILE_95	tumor_cell_markers
701	tumor_cell_markers_pseudoTILE_96	tumor_cell_markers
702	tumor_cell_markers_pseudoTILE_97	tumor_cell_markers
703	tumor_cell_markers_pseudoTILE_98	tumor_cell_markers
704	tumor_cell_markers_pseudoTILE_99	tumor_cell_markers
