basal_cell_of_prostate_epithelium_pseudoTILE_1	basal_cell_of_prostate_epithelium
basal_cell_of_prostate_epithelium_pseudoTILE_10	basal_cell_of_prostate_epithelium
basal_cell_of_prostate_epithelium_pseudoTILE_100	basal_cell_of_prostate_epithelium
basal_cell_of_prostate_epithelium_pseudoTILE_101	basal_cell_of_prostate_epithelium
basal_cell_of_prostate_epithelium_pseudoTILE_102	basal_cell_of_prostate_epithelium
basal_cell_of_prostate_epithelium_pseudoTILE_103	basal_cell_of_prostate_epithelium
basal_cell_of_prostate_epithelium_pseudoTILE_104	basal_cell_of_prostate_epithelium
basal_cell_of_prostate_epithelium_pseudoTILE_105	basal_cell_of_prostate_epithelium
basal_cell_of_prostate_epithelium_pseudoTILE_106	basal_cell_of_prostate_epithelium
basal_cell_of_prostate_epithelium_pseudoTILE_107	basal_cell_of_prostate_epithelium
basal_cell_of_prostate_epithelium_pseudoTILE_108	basal_cell_of_prostate_epithelium
basal_cell_of_prostate_epithelium_pseudoTILE_109	basal_cell_of_prostate_epithelium
basal_cell_of_prostate_epithelium_pseudoTILE_11	basal_cell_of_prostate_epithelium
basal_cell_of_prostate_epithelium_pseudoTILE_110	basal_cell_of_prostate_epithelium
basal_cell_of_prostate_epithelium_pseudoTILE_111	basal_cell_of_prostate_epithelium
basal_cell_of_prostate_epithelium_pseudoTILE_112	basal_cell_of_prostate_epithelium
basal_cell_of_prostate_epithelium_pseudoTILE_113	basal_cell_of_prostate_epithelium
basal_cell_of_prostate_epithelium_pseudoTILE_114	basal_cell_of_prostate_epithelium
basal_cell_of_prostate_epithelium_pseudoTILE_115	basal_cell_of_prostate_epithelium
basal_cell_of_prostate_epithelium_pseudoTILE_116	basal_cell_of_prostate_epithelium
basal_cell_of_prostate_epithelium_pseudoTILE_117	basal_cell_of_prostate_epithelium
basal_cell_of_prostate_epithelium_pseudoTILE_118	basal_cell_of_prostate_epithelium
basal_cell_of_prostate_epithelium_pseudoTILE_119	basal_cell_of_prostate_epithelium
basal_cell_of_prostate_epithelium_pseudoTILE_12	basal_cell_of_prostate_epithelium
basal_cell_of_prostate_epithelium_pseudoTILE_120	basal_cell_of_prostate_epithelium
basal_cell_of_prostate_epithelium_pseudoTILE_121	basal_cell_of_prostate_epithelium
basal_cell_of_prostate_epithelium_pseudoTILE_122	basal_cell_of_prostate_epithelium
basal_cell_of_prostate_epithelium_pseudoTILE_123	basal_cell_of_prostate_epithelium
basal_cell_of_prostate_epithelium_pseudoTILE_124	basal_cell_of_prostate_epithelium
basal_cell_of_prostate_epithelium_pseudoTILE_125	basal_cell_of_prostate_epithelium
basal_cell_of_prostate_epithelium_pseudoTILE_126	basal_cell_of_prostate_epithelium
basal_cell_of_prostate_epithelium_pseudoTILE_127	basal_cell_of_prostate_epithelium
basal_cell_of_prostate_epithelium_pseudoTILE_128	basal_cell_of_prostate_epithelium
basal_cell_of_prostate_epithelium_pseudoTILE_129	basal_cell_of_prostate_epithelium
basal_cell_of_prostate_epithelium_pseudoTILE_13	basal_cell_of_prostate_epithelium
basal_cell_of_prostate_epithelium_pseudoTILE_130	basal_cell_of_prostate_epithelium
basal_cell_of_prostate_epithelium_pseudoTILE_131	basal_cell_of_prostate_epithelium
basal_cell_of_prostate_epithelium_pseudoTILE_132	basal_cell_of_prostate_epithelium
basal_cell_of_prostate_epithelium_pseudoTILE_133	basal_cell_of_prostate_epithelium
basal_cell_of_prostate_epithelium_pseudoTILE_134	basal_cell_of_prostate_epithelium
basal_cell_of_prostate_epithelium_pseudoTILE_135	basal_cell_of_prostate_epithelium
basal_cell_of_prostate_epithelium_pseudoTILE_136	basal_cell_of_prostate_epithelium
basal_cell_of_prostate_epithelium_pseudoTILE_137	basal_cell_of_prostate_epithelium
basal_cell_of_prostate_epithelium_pseudoTILE_138	basal_cell_of_prostate_epithelium
basal_cell_of_prostate_epithelium_pseudoTILE_139	basal_cell_of_prostate_epithelium
basal_cell_of_prostate_epithelium_pseudoTILE_14	basal_cell_of_prostate_epithelium
basal_cell_of_prostate_epithelium_pseudoTILE_140	basal_cell_of_prostate_epithelium
basal_cell_of_prostate_epithelium_pseudoTILE_141	basal_cell_of_prostate_epithelium
basal_cell_of_prostate_epithelium_pseudoTILE_142	basal_cell_of_prostate_epithelium
basal_cell_of_prostate_epithelium_pseudoTILE_143	basal_cell_of_prostate_epithelium
basal_cell_of_prostate_epithelium_pseudoTILE_144	basal_cell_of_prostate_epithelium
basal_cell_of_prostate_epithelium_pseudoTILE_145	basal_cell_of_prostate_epithelium
basal_cell_of_prostate_epithelium_pseudoTILE_146	basal_cell_of_prostate_epithelium
basal_cell_of_prostate_epithelium_pseudoTILE_147	basal_cell_of_prostate_epithelium
basal_cell_of_prostate_epithelium_pseudoTILE_148	basal_cell_of_prostate_epithelium
basal_cell_of_prostate_epithelium_pseudoTILE_149	basal_cell_of_prostate_epithelium
basal_cell_of_prostate_epithelium_pseudoTILE_15	basal_cell_of_prostate_epithelium
basal_cell_of_prostate_epithelium_pseudoTILE_150	basal_cell_of_prostate_epithelium
basal_cell_of_prostate_epithelium_pseudoTILE_151	basal_cell_of_prostate_epithelium
basal_cell_of_prostate_epithelium_pseudoTILE_152	basal_cell_of_prostate_epithelium
basal_cell_of_prostate_epithelium_pseudoTILE_153	basal_cell_of_prostate_epithelium
basal_cell_of_prostate_epithelium_pseudoTILE_154	basal_cell_of_prostate_epithelium
basal_cell_of_prostate_epithelium_pseudoTILE_155	basal_cell_of_prostate_epithelium
basal_cell_of_prostate_epithelium_pseudoTILE_156	basal_cell_of_prostate_epithelium
basal_cell_of_prostate_epithelium_pseudoTILE_157	basal_cell_of_prostate_epithelium
basal_cell_of_prostate_epithelium_pseudoTILE_158	basal_cell_of_prostate_epithelium
basal_cell_of_prostate_epithelium_pseudoTILE_159	basal_cell_of_prostate_epithelium
basal_cell_of_prostate_epithelium_pseudoTILE_16	basal_cell_of_prostate_epithelium
basal_cell_of_prostate_epithelium_pseudoTILE_160	basal_cell_of_prostate_epithelium
basal_cell_of_prostate_epithelium_pseudoTILE_161	basal_cell_of_prostate_epithelium
basal_cell_of_prostate_epithelium_pseudoTILE_162	basal_cell_of_prostate_epithelium
basal_cell_of_prostate_epithelium_pseudoTILE_163	basal_cell_of_prostate_epithelium
basal_cell_of_prostate_epithelium_pseudoTILE_164	basal_cell_of_prostate_epithelium
basal_cell_of_prostate_epithelium_pseudoTILE_165	basal_cell_of_prostate_epithelium
basal_cell_of_prostate_epithelium_pseudoTILE_166	basal_cell_of_prostate_epithelium
basal_cell_of_prostate_epithelium_pseudoTILE_167	basal_cell_of_prostate_epithelium
basal_cell_of_prostate_epithelium_pseudoTILE_168	basal_cell_of_prostate_epithelium
basal_cell_of_prostate_epithelium_pseudoTILE_169	basal_cell_of_prostate_epithelium
basal_cell_of_prostate_epithelium_pseudoTILE_17	basal_cell_of_prostate_epithelium
basal_cell_of_prostate_epithelium_pseudoTILE_170	basal_cell_of_prostate_epithelium
basal_cell_of_prostate_epithelium_pseudoTILE_171	basal_cell_of_prostate_epithelium
basal_cell_of_prostate_epithelium_pseudoTILE_172	basal_cell_of_prostate_epithelium
basal_cell_of_prostate_epithelium_pseudoTILE_173	basal_cell_of_prostate_epithelium
basal_cell_of_prostate_epithelium_pseudoTILE_174	basal_cell_of_prostate_epithelium
basal_cell_of_prostate_epithelium_pseudoTILE_175	basal_cell_of_prostate_epithelium
basal_cell_of_prostate_epithelium_pseudoTILE_176	basal_cell_of_prostate_epithelium
basal_cell_of_prostate_epithelium_pseudoTILE_177	basal_cell_of_prostate_epithelium
basal_cell_of_prostate_epithelium_pseudoTILE_178	basal_cell_of_prostate_epithelium
basal_cell_of_prostate_epithelium_pseudoTILE_179	basal_cell_of_prostate_epithelium
basal_cell_of_prostate_epithelium_pseudoTILE_18	basal_cell_of_prostate_epithelium
basal_cell_of_prostate_epithelium_pseudoTILE_180	basal_cell_of_prostate_epithelium
basal_cell_of_prostate_epithelium_pseudoTILE_181	basal_cell_of_prostate_epithelium
basal_cell_of_prostate_epithelium_pseudoTILE_182	basal_cell_of_prostate_epithelium
basal_cell_of_prostate_epithelium_pseudoTILE_183	basal_cell_of_prostate_epithelium
basal_cell_of_prostate_epithelium_pseudoTILE_184	basal_cell_of_prostate_epithelium
basal_cell_of_prostate_epithelium_pseudoTILE_185	basal_cell_of_prostate_epithelium
basal_cell_of_prostate_epithelium_pseudoTILE_186	basal_cell_of_prostate_epithelium
basal_cell_of_prostate_epithelium_pseudoTILE_187	basal_cell_of_prostate_epithelium
basal_cell_of_prostate_epithelium_pseudoTILE_188	basal_cell_of_prostate_epithelium
basal_cell_of_prostate_epithelium_pseudoTILE_189	basal_cell_of_prostate_epithelium
basal_cell_of_prostate_epithelium_pseudoTILE_19	basal_cell_of_prostate_epithelium
basal_cell_of_prostate_epithelium_pseudoTILE_190	basal_cell_of_prostate_epithelium
basal_cell_of_prostate_epithelium_pseudoTILE_191	basal_cell_of_prostate_epithelium
basal_cell_of_prostate_epithelium_pseudoTILE_192	basal_cell_of_prostate_epithelium
basal_cell_of_prostate_epithelium_pseudoTILE_193	basal_cell_of_prostate_epithelium
basal_cell_of_prostate_epithelium_pseudoTILE_194	basal_cell_of_prostate_epithelium
basal_cell_of_prostate_epithelium_pseudoTILE_195	basal_cell_of_prostate_epithelium
basal_cell_of_prostate_epithelium_pseudoTILE_196	basal_cell_of_prostate_epithelium
basal_cell_of_prostate_epithelium_pseudoTILE_197	basal_cell_of_prostate_epithelium
basal_cell_of_prostate_epithelium_pseudoTILE_198	basal_cell_of_prostate_epithelium
basal_cell_of_prostate_epithelium_pseudoTILE_199	basal_cell_of_prostate_epithelium
basal_cell_of_prostate_epithelium_pseudoTILE_2	basal_cell_of_prostate_epithelium
basal_cell_of_prostate_epithelium_pseudoTILE_20	basal_cell_of_prostate_epithelium
basal_cell_of_prostate_epithelium_pseudoTILE_200	basal_cell_of_prostate_epithelium
basal_cell_of_prostate_epithelium_pseudoTILE_201	basal_cell_of_prostate_epithelium
basal_cell_of_prostate_epithelium_pseudoTILE_202	basal_cell_of_prostate_epithelium
basal_cell_of_prostate_epithelium_pseudoTILE_203	basal_cell_of_prostate_epithelium
basal_cell_of_prostate_epithelium_pseudoTILE_204	basal_cell_of_prostate_epithelium
basal_cell_of_prostate_epithelium_pseudoTILE_205	basal_cell_of_prostate_epithelium
basal_cell_of_prostate_epithelium_pseudoTILE_206	basal_cell_of_prostate_epithelium
basal_cell_of_prostate_epithelium_pseudoTILE_207	basal_cell_of_prostate_epithelium
basal_cell_of_prostate_epithelium_pseudoTILE_208	basal_cell_of_prostate_epithelium
basal_cell_of_prostate_epithelium_pseudoTILE_209	basal_cell_of_prostate_epithelium
basal_cell_of_prostate_epithelium_pseudoTILE_21	basal_cell_of_prostate_epithelium
basal_cell_of_prostate_epithelium_pseudoTILE_210	basal_cell_of_prostate_epithelium
basal_cell_of_prostate_epithelium_pseudoTILE_211	basal_cell_of_prostate_epithelium
basal_cell_of_prostate_epithelium_pseudoTILE_212	basal_cell_of_prostate_epithelium
basal_cell_of_prostate_epithelium_pseudoTILE_213	basal_cell_of_prostate_epithelium
basal_cell_of_prostate_epithelium_pseudoTILE_214	basal_cell_of_prostate_epithelium
basal_cell_of_prostate_epithelium_pseudoTILE_215	basal_cell_of_prostate_epithelium
basal_cell_of_prostate_epithelium_pseudoTILE_216	basal_cell_of_prostate_epithelium
basal_cell_of_prostate_epithelium_pseudoTILE_217	basal_cell_of_prostate_epithelium
basal_cell_of_prostate_epithelium_pseudoTILE_218	basal_cell_of_prostate_epithelium
basal_cell_of_prostate_epithelium_pseudoTILE_219	basal_cell_of_prostate_epithelium
basal_cell_of_prostate_epithelium_pseudoTILE_22	basal_cell_of_prostate_epithelium
basal_cell_of_prostate_epithelium_pseudoTILE_220	basal_cell_of_prostate_epithelium
basal_cell_of_prostate_epithelium_pseudoTILE_221	basal_cell_of_prostate_epithelium
basal_cell_of_prostate_epithelium_pseudoTILE_222	basal_cell_of_prostate_epithelium
basal_cell_of_prostate_epithelium_pseudoTILE_223	basal_cell_of_prostate_epithelium
basal_cell_of_prostate_epithelium_pseudoTILE_224	basal_cell_of_prostate_epithelium
basal_cell_of_prostate_epithelium_pseudoTILE_225	basal_cell_of_prostate_epithelium
basal_cell_of_prostate_epithelium_pseudoTILE_226	basal_cell_of_prostate_epithelium
basal_cell_of_prostate_epithelium_pseudoTILE_227	basal_cell_of_prostate_epithelium
basal_cell_of_prostate_epithelium_pseudoTILE_228	basal_cell_of_prostate_epithelium
basal_cell_of_prostate_epithelium_pseudoTILE_229	basal_cell_of_prostate_epithelium
basal_cell_of_prostate_epithelium_pseudoTILE_23	basal_cell_of_prostate_epithelium
basal_cell_of_prostate_epithelium_pseudoTILE_230	basal_cell_of_prostate_epithelium
basal_cell_of_prostate_epithelium_pseudoTILE_231	basal_cell_of_prostate_epithelium
basal_cell_of_prostate_epithelium_pseudoTILE_232	basal_cell_of_prostate_epithelium
basal_cell_of_prostate_epithelium_pseudoTILE_233	basal_cell_of_prostate_epithelium
basal_cell_of_prostate_epithelium_pseudoTILE_234	basal_cell_of_prostate_epithelium
basal_cell_of_prostate_epithelium_pseudoTILE_235	basal_cell_of_prostate_epithelium
basal_cell_of_prostate_epithelium_pseudoTILE_236	basal_cell_of_prostate_epithelium
basal_cell_of_prostate_epithelium_pseudoTILE_237	basal_cell_of_prostate_epithelium
basal_cell_of_prostate_epithelium_pseudoTILE_238	basal_cell_of_prostate_epithelium
basal_cell_of_prostate_epithelium_pseudoTILE_239	basal_cell_of_prostate_epithelium
basal_cell_of_prostate_epithelium_pseudoTILE_24	basal_cell_of_prostate_epithelium
basal_cell_of_prostate_epithelium_pseudoTILE_240	basal_cell_of_prostate_epithelium
basal_cell_of_prostate_epithelium_pseudoTILE_241	basal_cell_of_prostate_epithelium
basal_cell_of_prostate_epithelium_pseudoTILE_242	basal_cell_of_prostate_epithelium
basal_cell_of_prostate_epithelium_pseudoTILE_243	basal_cell_of_prostate_epithelium
basal_cell_of_prostate_epithelium_pseudoTILE_244	basal_cell_of_prostate_epithelium
basal_cell_of_prostate_epithelium_pseudoTILE_245	basal_cell_of_prostate_epithelium
basal_cell_of_prostate_epithelium_pseudoTILE_246	basal_cell_of_prostate_epithelium
basal_cell_of_prostate_epithelium_pseudoTILE_247	basal_cell_of_prostate_epithelium
basal_cell_of_prostate_epithelium_pseudoTILE_248	basal_cell_of_prostate_epithelium
basal_cell_of_prostate_epithelium_pseudoTILE_249	basal_cell_of_prostate_epithelium
basal_cell_of_prostate_epithelium_pseudoTILE_25	basal_cell_of_prostate_epithelium
basal_cell_of_prostate_epithelium_pseudoTILE_250	basal_cell_of_prostate_epithelium
basal_cell_of_prostate_epithelium_pseudoTILE_251	basal_cell_of_prostate_epithelium
basal_cell_of_prostate_epithelium_pseudoTILE_252	basal_cell_of_prostate_epithelium
basal_cell_of_prostate_epithelium_pseudoTILE_253	basal_cell_of_prostate_epithelium
basal_cell_of_prostate_epithelium_pseudoTILE_254	basal_cell_of_prostate_epithelium
basal_cell_of_prostate_epithelium_pseudoTILE_255	basal_cell_of_prostate_epithelium
basal_cell_of_prostate_epithelium_pseudoTILE_256	basal_cell_of_prostate_epithelium
basal_cell_of_prostate_epithelium_pseudoTILE_257	basal_cell_of_prostate_epithelium
basal_cell_of_prostate_epithelium_pseudoTILE_258	basal_cell_of_prostate_epithelium
basal_cell_of_prostate_epithelium_pseudoTILE_259	basal_cell_of_prostate_epithelium
basal_cell_of_prostate_epithelium_pseudoTILE_26	basal_cell_of_prostate_epithelium
basal_cell_of_prostate_epithelium_pseudoTILE_260	basal_cell_of_prostate_epithelium
basal_cell_of_prostate_epithelium_pseudoTILE_261	basal_cell_of_prostate_epithelium
basal_cell_of_prostate_epithelium_pseudoTILE_262	basal_cell_of_prostate_epithelium
basal_cell_of_prostate_epithelium_pseudoTILE_263	basal_cell_of_prostate_epithelium
basal_cell_of_prostate_epithelium_pseudoTILE_264	basal_cell_of_prostate_epithelium
basal_cell_of_prostate_epithelium_pseudoTILE_265	basal_cell_of_prostate_epithelium
basal_cell_of_prostate_epithelium_pseudoTILE_266	basal_cell_of_prostate_epithelium
basal_cell_of_prostate_epithelium_pseudoTILE_267	basal_cell_of_prostate_epithelium
basal_cell_of_prostate_epithelium_pseudoTILE_268	basal_cell_of_prostate_epithelium
basal_cell_of_prostate_epithelium_pseudoTILE_269	basal_cell_of_prostate_epithelium
basal_cell_of_prostate_epithelium_pseudoTILE_27	basal_cell_of_prostate_epithelium
basal_cell_of_prostate_epithelium_pseudoTILE_270	basal_cell_of_prostate_epithelium
basal_cell_of_prostate_epithelium_pseudoTILE_271	basal_cell_of_prostate_epithelium
basal_cell_of_prostate_epithelium_pseudoTILE_272	basal_cell_of_prostate_epithelium
basal_cell_of_prostate_epithelium_pseudoTILE_273	basal_cell_of_prostate_epithelium
basal_cell_of_prostate_epithelium_pseudoTILE_274	basal_cell_of_prostate_epithelium
basal_cell_of_prostate_epithelium_pseudoTILE_275	basal_cell_of_prostate_epithelium
basal_cell_of_prostate_epithelium_pseudoTILE_276	basal_cell_of_prostate_epithelium
basal_cell_of_prostate_epithelium_pseudoTILE_277	basal_cell_of_prostate_epithelium
basal_cell_of_prostate_epithelium_pseudoTILE_278	basal_cell_of_prostate_epithelium
basal_cell_of_prostate_epithelium_pseudoTILE_279	basal_cell_of_prostate_epithelium
basal_cell_of_prostate_epithelium_pseudoTILE_28	basal_cell_of_prostate_epithelium
basal_cell_of_prostate_epithelium_pseudoTILE_280	basal_cell_of_prostate_epithelium
basal_cell_of_prostate_epithelium_pseudoTILE_281	basal_cell_of_prostate_epithelium
basal_cell_of_prostate_epithelium_pseudoTILE_282	basal_cell_of_prostate_epithelium
basal_cell_of_prostate_epithelium_pseudoTILE_283	basal_cell_of_prostate_epithelium
basal_cell_of_prostate_epithelium_pseudoTILE_284	basal_cell_of_prostate_epithelium
basal_cell_of_prostate_epithelium_pseudoTILE_285	basal_cell_of_prostate_epithelium
basal_cell_of_prostate_epithelium_pseudoTILE_286	basal_cell_of_prostate_epithelium
basal_cell_of_prostate_epithelium_pseudoTILE_287	basal_cell_of_prostate_epithelium
basal_cell_of_prostate_epithelium_pseudoTILE_288	basal_cell_of_prostate_epithelium
basal_cell_of_prostate_epithelium_pseudoTILE_289	basal_cell_of_prostate_epithelium
basal_cell_of_prostate_epithelium_pseudoTILE_29	basal_cell_of_prostate_epithelium
basal_cell_of_prostate_epithelium_pseudoTILE_290	basal_cell_of_prostate_epithelium
basal_cell_of_prostate_epithelium_pseudoTILE_291	basal_cell_of_prostate_epithelium
basal_cell_of_prostate_epithelium_pseudoTILE_292	basal_cell_of_prostate_epithelium
basal_cell_of_prostate_epithelium_pseudoTILE_293	basal_cell_of_prostate_epithelium
basal_cell_of_prostate_epithelium_pseudoTILE_294	basal_cell_of_prostate_epithelium
basal_cell_of_prostate_epithelium_pseudoTILE_295	basal_cell_of_prostate_epithelium
basal_cell_of_prostate_epithelium_pseudoTILE_296	basal_cell_of_prostate_epithelium
basal_cell_of_prostate_epithelium_pseudoTILE_297	basal_cell_of_prostate_epithelium
basal_cell_of_prostate_epithelium_pseudoTILE_298	basal_cell_of_prostate_epithelium
basal_cell_of_prostate_epithelium_pseudoTILE_299	basal_cell_of_prostate_epithelium
basal_cell_of_prostate_epithelium_pseudoTILE_3	basal_cell_of_prostate_epithelium
basal_cell_of_prostate_epithelium_pseudoTILE_30	basal_cell_of_prostate_epithelium
basal_cell_of_prostate_epithelium_pseudoTILE_300	basal_cell_of_prostate_epithelium
basal_cell_of_prostate_epithelium_pseudoTILE_301	basal_cell_of_prostate_epithelium
basal_cell_of_prostate_epithelium_pseudoTILE_302	basal_cell_of_prostate_epithelium
basal_cell_of_prostate_epithelium_pseudoTILE_303	basal_cell_of_prostate_epithelium
basal_cell_of_prostate_epithelium_pseudoTILE_304	basal_cell_of_prostate_epithelium
basal_cell_of_prostate_epithelium_pseudoTILE_305	basal_cell_of_prostate_epithelium
basal_cell_of_prostate_epithelium_pseudoTILE_306	basal_cell_of_prostate_epithelium
basal_cell_of_prostate_epithelium_pseudoTILE_307	basal_cell_of_prostate_epithelium
basal_cell_of_prostate_epithelium_pseudoTILE_308	basal_cell_of_prostate_epithelium
basal_cell_of_prostate_epithelium_pseudoTILE_309	basal_cell_of_prostate_epithelium
basal_cell_of_prostate_epithelium_pseudoTILE_31	basal_cell_of_prostate_epithelium
basal_cell_of_prostate_epithelium_pseudoTILE_310	basal_cell_of_prostate_epithelium
basal_cell_of_prostate_epithelium_pseudoTILE_311	basal_cell_of_prostate_epithelium
basal_cell_of_prostate_epithelium_pseudoTILE_312	basal_cell_of_prostate_epithelium
basal_cell_of_prostate_epithelium_pseudoTILE_313	basal_cell_of_prostate_epithelium
basal_cell_of_prostate_epithelium_pseudoTILE_314	basal_cell_of_prostate_epithelium
basal_cell_of_prostate_epithelium_pseudoTILE_315	basal_cell_of_prostate_epithelium
basal_cell_of_prostate_epithelium_pseudoTILE_316	basal_cell_of_prostate_epithelium
basal_cell_of_prostate_epithelium_pseudoTILE_317	basal_cell_of_prostate_epithelium
basal_cell_of_prostate_epithelium_pseudoTILE_318	basal_cell_of_prostate_epithelium
basal_cell_of_prostate_epithelium_pseudoTILE_319	basal_cell_of_prostate_epithelium
basal_cell_of_prostate_epithelium_pseudoTILE_32	basal_cell_of_prostate_epithelium
basal_cell_of_prostate_epithelium_pseudoTILE_320	basal_cell_of_prostate_epithelium
basal_cell_of_prostate_epithelium_pseudoTILE_321	basal_cell_of_prostate_epithelium
basal_cell_of_prostate_epithelium_pseudoTILE_322	basal_cell_of_prostate_epithelium
basal_cell_of_prostate_epithelium_pseudoTILE_323	basal_cell_of_prostate_epithelium
basal_cell_of_prostate_epithelium_pseudoTILE_324	basal_cell_of_prostate_epithelium
basal_cell_of_prostate_epithelium_pseudoTILE_325	basal_cell_of_prostate_epithelium
basal_cell_of_prostate_epithelium_pseudoTILE_326	basal_cell_of_prostate_epithelium
basal_cell_of_prostate_epithelium_pseudoTILE_327	basal_cell_of_prostate_epithelium
basal_cell_of_prostate_epithelium_pseudoTILE_328	basal_cell_of_prostate_epithelium
basal_cell_of_prostate_epithelium_pseudoTILE_329	basal_cell_of_prostate_epithelium
basal_cell_of_prostate_epithelium_pseudoTILE_33	basal_cell_of_prostate_epithelium
basal_cell_of_prostate_epithelium_pseudoTILE_330	basal_cell_of_prostate_epithelium
basal_cell_of_prostate_epithelium_pseudoTILE_331	basal_cell_of_prostate_epithelium
basal_cell_of_prostate_epithelium_pseudoTILE_332	basal_cell_of_prostate_epithelium
basal_cell_of_prostate_epithelium_pseudoTILE_333	basal_cell_of_prostate_epithelium
basal_cell_of_prostate_epithelium_pseudoTILE_334	basal_cell_of_prostate_epithelium
basal_cell_of_prostate_epithelium_pseudoTILE_335	basal_cell_of_prostate_epithelium
basal_cell_of_prostate_epithelium_pseudoTILE_336	basal_cell_of_prostate_epithelium
basal_cell_of_prostate_epithelium_pseudoTILE_337	basal_cell_of_prostate_epithelium
basal_cell_of_prostate_epithelium_pseudoTILE_338	basal_cell_of_prostate_epithelium
basal_cell_of_prostate_epithelium_pseudoTILE_339	basal_cell_of_prostate_epithelium
basal_cell_of_prostate_epithelium_pseudoTILE_34	basal_cell_of_prostate_epithelium
basal_cell_of_prostate_epithelium_pseudoTILE_340	basal_cell_of_prostate_epithelium
basal_cell_of_prostate_epithelium_pseudoTILE_341	basal_cell_of_prostate_epithelium
basal_cell_of_prostate_epithelium_pseudoTILE_342	basal_cell_of_prostate_epithelium
basal_cell_of_prostate_epithelium_pseudoTILE_343	basal_cell_of_prostate_epithelium
basal_cell_of_prostate_epithelium_pseudoTILE_344	basal_cell_of_prostate_epithelium
basal_cell_of_prostate_epithelium_pseudoTILE_345	basal_cell_of_prostate_epithelium
basal_cell_of_prostate_epithelium_pseudoTILE_35	basal_cell_of_prostate_epithelium
basal_cell_of_prostate_epithelium_pseudoTILE_36	basal_cell_of_prostate_epithelium
basal_cell_of_prostate_epithelium_pseudoTILE_37	basal_cell_of_prostate_epithelium
basal_cell_of_prostate_epithelium_pseudoTILE_38	basal_cell_of_prostate_epithelium
basal_cell_of_prostate_epithelium_pseudoTILE_39	basal_cell_of_prostate_epithelium
basal_cell_of_prostate_epithelium_pseudoTILE_4	basal_cell_of_prostate_epithelium
basal_cell_of_prostate_epithelium_pseudoTILE_40	basal_cell_of_prostate_epithelium
basal_cell_of_prostate_epithelium_pseudoTILE_41	basal_cell_of_prostate_epithelium
basal_cell_of_prostate_epithelium_pseudoTILE_42	basal_cell_of_prostate_epithelium
basal_cell_of_prostate_epithelium_pseudoTILE_43	basal_cell_of_prostate_epithelium
basal_cell_of_prostate_epithelium_pseudoTILE_44	basal_cell_of_prostate_epithelium
basal_cell_of_prostate_epithelium_pseudoTILE_45	basal_cell_of_prostate_epithelium
basal_cell_of_prostate_epithelium_pseudoTILE_46	basal_cell_of_prostate_epithelium
basal_cell_of_prostate_epithelium_pseudoTILE_47	basal_cell_of_prostate_epithelium
basal_cell_of_prostate_epithelium_pseudoTILE_48	basal_cell_of_prostate_epithelium
basal_cell_of_prostate_epithelium_pseudoTILE_49	basal_cell_of_prostate_epithelium
basal_cell_of_prostate_epithelium_pseudoTILE_5	basal_cell_of_prostate_epithelium
basal_cell_of_prostate_epithelium_pseudoTILE_50	basal_cell_of_prostate_epithelium
basal_cell_of_prostate_epithelium_pseudoTILE_51	basal_cell_of_prostate_epithelium
basal_cell_of_prostate_epithelium_pseudoTILE_52	basal_cell_of_prostate_epithelium
basal_cell_of_prostate_epithelium_pseudoTILE_53	basal_cell_of_prostate_epithelium
basal_cell_of_prostate_epithelium_pseudoTILE_54	basal_cell_of_prostate_epithelium
basal_cell_of_prostate_epithelium_pseudoTILE_55	basal_cell_of_prostate_epithelium
basal_cell_of_prostate_epithelium_pseudoTILE_56	basal_cell_of_prostate_epithelium
basal_cell_of_prostate_epithelium_pseudoTILE_57	basal_cell_of_prostate_epithelium
basal_cell_of_prostate_epithelium_pseudoTILE_58	basal_cell_of_prostate_epithelium
basal_cell_of_prostate_epithelium_pseudoTILE_59	basal_cell_of_prostate_epithelium
basal_cell_of_prostate_epithelium_pseudoTILE_6	basal_cell_of_prostate_epithelium
basal_cell_of_prostate_epithelium_pseudoTILE_60	basal_cell_of_prostate_epithelium
basal_cell_of_prostate_epithelium_pseudoTILE_61	basal_cell_of_prostate_epithelium
basal_cell_of_prostate_epithelium_pseudoTILE_62	basal_cell_of_prostate_epithelium
basal_cell_of_prostate_epithelium_pseudoTILE_63	basal_cell_of_prostate_epithelium
basal_cell_of_prostate_epithelium_pseudoTILE_64	basal_cell_of_prostate_epithelium
basal_cell_of_prostate_epithelium_pseudoTILE_65	basal_cell_of_prostate_epithelium
basal_cell_of_prostate_epithelium_pseudoTILE_66	basal_cell_of_prostate_epithelium
basal_cell_of_prostate_epithelium_pseudoTILE_67	basal_cell_of_prostate_epithelium
basal_cell_of_prostate_epithelium_pseudoTILE_68	basal_cell_of_prostate_epithelium
basal_cell_of_prostate_epithelium_pseudoTILE_69	basal_cell_of_prostate_epithelium
basal_cell_of_prostate_epithelium_pseudoTILE_7	basal_cell_of_prostate_epithelium
basal_cell_of_prostate_epithelium_pseudoTILE_70	basal_cell_of_prostate_epithelium
basal_cell_of_prostate_epithelium_pseudoTILE_71	basal_cell_of_prostate_epithelium
basal_cell_of_prostate_epithelium_pseudoTILE_72	basal_cell_of_prostate_epithelium
basal_cell_of_prostate_epithelium_pseudoTILE_73	basal_cell_of_prostate_epithelium
basal_cell_of_prostate_epithelium_pseudoTILE_74	basal_cell_of_prostate_epithelium
basal_cell_of_prostate_epithelium_pseudoTILE_75	basal_cell_of_prostate_epithelium
basal_cell_of_prostate_epithelium_pseudoTILE_76	basal_cell_of_prostate_epithelium
basal_cell_of_prostate_epithelium_pseudoTILE_77	basal_cell_of_prostate_epithelium
basal_cell_of_prostate_epithelium_pseudoTILE_78	basal_cell_of_prostate_epithelium
basal_cell_of_prostate_epithelium_pseudoTILE_79	basal_cell_of_prostate_epithelium
basal_cell_of_prostate_epithelium_pseudoTILE_8	basal_cell_of_prostate_epithelium
basal_cell_of_prostate_epithelium_pseudoTILE_80	basal_cell_of_prostate_epithelium
basal_cell_of_prostate_epithelium_pseudoTILE_81	basal_cell_of_prostate_epithelium
basal_cell_of_prostate_epithelium_pseudoTILE_82	basal_cell_of_prostate_epithelium
basal_cell_of_prostate_epithelium_pseudoTILE_83	basal_cell_of_prostate_epithelium
basal_cell_of_prostate_epithelium_pseudoTILE_84	basal_cell_of_prostate_epithelium
basal_cell_of_prostate_epithelium_pseudoTILE_85	basal_cell_of_prostate_epithelium
basal_cell_of_prostate_epithelium_pseudoTILE_86	basal_cell_of_prostate_epithelium
basal_cell_of_prostate_epithelium_pseudoTILE_87	basal_cell_of_prostate_epithelium
basal_cell_of_prostate_epithelium_pseudoTILE_88	basal_cell_of_prostate_epithelium
basal_cell_of_prostate_epithelium_pseudoTILE_89	basal_cell_of_prostate_epithelium
basal_cell_of_prostate_epithelium_pseudoTILE_9	basal_cell_of_prostate_epithelium
basal_cell_of_prostate_epithelium_pseudoTILE_90	basal_cell_of_prostate_epithelium
basal_cell_of_prostate_epithelium_pseudoTILE_91	basal_cell_of_prostate_epithelium
basal_cell_of_prostate_epithelium_pseudoTILE_92	basal_cell_of_prostate_epithelium
basal_cell_of_prostate_epithelium_pseudoTILE_93	basal_cell_of_prostate_epithelium
basal_cell_of_prostate_epithelium_pseudoTILE_94	basal_cell_of_prostate_epithelium
basal_cell_of_prostate_epithelium_pseudoTILE_95	basal_cell_of_prostate_epithelium
basal_cell_of_prostate_epithelium_pseudoTILE_96	basal_cell_of_prostate_epithelium
basal_cell_of_prostate_epithelium_pseudoTILE_97	basal_cell_of_prostate_epithelium
basal_cell_of_prostate_epithelium_pseudoTILE_98	basal_cell_of_prostate_epithelium
basal_cell_of_prostate_epithelium_pseudoTILE_99	basal_cell_of_prostate_epithelium
basal_epithelial_cell_of_prostatic_duct_pseudoTILE_1	basal_epithelial_cell_of_prostatic_duct
basal_epithelial_cell_of_prostatic_duct_pseudoTILE_10	basal_epithelial_cell_of_prostatic_duct
basal_epithelial_cell_of_prostatic_duct_pseudoTILE_100	basal_epithelial_cell_of_prostatic_duct
basal_epithelial_cell_of_prostatic_duct_pseudoTILE_101	basal_epithelial_cell_of_prostatic_duct
basal_epithelial_cell_of_prostatic_duct_pseudoTILE_102	basal_epithelial_cell_of_prostatic_duct
basal_epithelial_cell_of_prostatic_duct_pseudoTILE_103	basal_epithelial_cell_of_prostatic_duct
basal_epithelial_cell_of_prostatic_duct_pseudoTILE_104	basal_epithelial_cell_of_prostatic_duct
basal_epithelial_cell_of_prostatic_duct_pseudoTILE_105	basal_epithelial_cell_of_prostatic_duct
basal_epithelial_cell_of_prostatic_duct_pseudoTILE_106	basal_epithelial_cell_of_prostatic_duct
basal_epithelial_cell_of_prostatic_duct_pseudoTILE_107	basal_epithelial_cell_of_prostatic_duct
basal_epithelial_cell_of_prostatic_duct_pseudoTILE_108	basal_epithelial_cell_of_prostatic_duct
basal_epithelial_cell_of_prostatic_duct_pseudoTILE_109	basal_epithelial_cell_of_prostatic_duct
basal_epithelial_cell_of_prostatic_duct_pseudoTILE_11	basal_epithelial_cell_of_prostatic_duct
basal_epithelial_cell_of_prostatic_duct_pseudoTILE_110	basal_epithelial_cell_of_prostatic_duct
basal_epithelial_cell_of_prostatic_duct_pseudoTILE_111	basal_epithelial_cell_of_prostatic_duct
basal_epithelial_cell_of_prostatic_duct_pseudoTILE_112	basal_epithelial_cell_of_prostatic_duct
basal_epithelial_cell_of_prostatic_duct_pseudoTILE_113	basal_epithelial_cell_of_prostatic_duct
basal_epithelial_cell_of_prostatic_duct_pseudoTILE_114	basal_epithelial_cell_of_prostatic_duct
basal_epithelial_cell_of_prostatic_duct_pseudoTILE_115	basal_epithelial_cell_of_prostatic_duct
basal_epithelial_cell_of_prostatic_duct_pseudoTILE_116	basal_epithelial_cell_of_prostatic_duct
basal_epithelial_cell_of_prostatic_duct_pseudoTILE_117	basal_epithelial_cell_of_prostatic_duct
basal_epithelial_cell_of_prostatic_duct_pseudoTILE_118	basal_epithelial_cell_of_prostatic_duct
basal_epithelial_cell_of_prostatic_duct_pseudoTILE_119	basal_epithelial_cell_of_prostatic_duct
basal_epithelial_cell_of_prostatic_duct_pseudoTILE_12	basal_epithelial_cell_of_prostatic_duct
basal_epithelial_cell_of_prostatic_duct_pseudoTILE_120	basal_epithelial_cell_of_prostatic_duct
basal_epithelial_cell_of_prostatic_duct_pseudoTILE_121	basal_epithelial_cell_of_prostatic_duct
basal_epithelial_cell_of_prostatic_duct_pseudoTILE_122	basal_epithelial_cell_of_prostatic_duct
basal_epithelial_cell_of_prostatic_duct_pseudoTILE_123	basal_epithelial_cell_of_prostatic_duct
basal_epithelial_cell_of_prostatic_duct_pseudoTILE_124	basal_epithelial_cell_of_prostatic_duct
basal_epithelial_cell_of_prostatic_duct_pseudoTILE_125	basal_epithelial_cell_of_prostatic_duct
basal_epithelial_cell_of_prostatic_duct_pseudoTILE_126	basal_epithelial_cell_of_prostatic_duct
basal_epithelial_cell_of_prostatic_duct_pseudoTILE_127	basal_epithelial_cell_of_prostatic_duct
basal_epithelial_cell_of_prostatic_duct_pseudoTILE_128	basal_epithelial_cell_of_prostatic_duct
basal_epithelial_cell_of_prostatic_duct_pseudoTILE_129	basal_epithelial_cell_of_prostatic_duct
basal_epithelial_cell_of_prostatic_duct_pseudoTILE_13	basal_epithelial_cell_of_prostatic_duct
basal_epithelial_cell_of_prostatic_duct_pseudoTILE_130	basal_epithelial_cell_of_prostatic_duct
basal_epithelial_cell_of_prostatic_duct_pseudoTILE_131	basal_epithelial_cell_of_prostatic_duct
basal_epithelial_cell_of_prostatic_duct_pseudoTILE_132	basal_epithelial_cell_of_prostatic_duct
basal_epithelial_cell_of_prostatic_duct_pseudoTILE_133	basal_epithelial_cell_of_prostatic_duct
basal_epithelial_cell_of_prostatic_duct_pseudoTILE_134	basal_epithelial_cell_of_prostatic_duct
basal_epithelial_cell_of_prostatic_duct_pseudoTILE_135	basal_epithelial_cell_of_prostatic_duct
basal_epithelial_cell_of_prostatic_duct_pseudoTILE_136	basal_epithelial_cell_of_prostatic_duct
basal_epithelial_cell_of_prostatic_duct_pseudoTILE_137	basal_epithelial_cell_of_prostatic_duct
basal_epithelial_cell_of_prostatic_duct_pseudoTILE_138	basal_epithelial_cell_of_prostatic_duct
basal_epithelial_cell_of_prostatic_duct_pseudoTILE_139	basal_epithelial_cell_of_prostatic_duct
basal_epithelial_cell_of_prostatic_duct_pseudoTILE_14	basal_epithelial_cell_of_prostatic_duct
basal_epithelial_cell_of_prostatic_duct_pseudoTILE_140	basal_epithelial_cell_of_prostatic_duct
basal_epithelial_cell_of_prostatic_duct_pseudoTILE_141	basal_epithelial_cell_of_prostatic_duct
basal_epithelial_cell_of_prostatic_duct_pseudoTILE_142	basal_epithelial_cell_of_prostatic_duct
basal_epithelial_cell_of_prostatic_duct_pseudoTILE_143	basal_epithelial_cell_of_prostatic_duct
basal_epithelial_cell_of_prostatic_duct_pseudoTILE_144	basal_epithelial_cell_of_prostatic_duct
basal_epithelial_cell_of_prostatic_duct_pseudoTILE_145	basal_epithelial_cell_of_prostatic_duct
basal_epithelial_cell_of_prostatic_duct_pseudoTILE_146	basal_epithelial_cell_of_prostatic_duct
basal_epithelial_cell_of_prostatic_duct_pseudoTILE_147	basal_epithelial_cell_of_prostatic_duct
basal_epithelial_cell_of_prostatic_duct_pseudoTILE_148	basal_epithelial_cell_of_prostatic_duct
basal_epithelial_cell_of_prostatic_duct_pseudoTILE_149	basal_epithelial_cell_of_prostatic_duct
basal_epithelial_cell_of_prostatic_duct_pseudoTILE_15	basal_epithelial_cell_of_prostatic_duct
basal_epithelial_cell_of_prostatic_duct_pseudoTILE_150	basal_epithelial_cell_of_prostatic_duct
basal_epithelial_cell_of_prostatic_duct_pseudoTILE_151	basal_epithelial_cell_of_prostatic_duct
basal_epithelial_cell_of_prostatic_duct_pseudoTILE_152	basal_epithelial_cell_of_prostatic_duct
basal_epithelial_cell_of_prostatic_duct_pseudoTILE_153	basal_epithelial_cell_of_prostatic_duct
basal_epithelial_cell_of_prostatic_duct_pseudoTILE_154	basal_epithelial_cell_of_prostatic_duct
basal_epithelial_cell_of_prostatic_duct_pseudoTILE_155	basal_epithelial_cell_of_prostatic_duct
basal_epithelial_cell_of_prostatic_duct_pseudoTILE_156	basal_epithelial_cell_of_prostatic_duct
basal_epithelial_cell_of_prostatic_duct_pseudoTILE_157	basal_epithelial_cell_of_prostatic_duct
basal_epithelial_cell_of_prostatic_duct_pseudoTILE_158	basal_epithelial_cell_of_prostatic_duct
basal_epithelial_cell_of_prostatic_duct_pseudoTILE_159	basal_epithelial_cell_of_prostatic_duct
basal_epithelial_cell_of_prostatic_duct_pseudoTILE_16	basal_epithelial_cell_of_prostatic_duct
basal_epithelial_cell_of_prostatic_duct_pseudoTILE_160	basal_epithelial_cell_of_prostatic_duct
basal_epithelial_cell_of_prostatic_duct_pseudoTILE_161	basal_epithelial_cell_of_prostatic_duct
basal_epithelial_cell_of_prostatic_duct_pseudoTILE_162	basal_epithelial_cell_of_prostatic_duct
basal_epithelial_cell_of_prostatic_duct_pseudoTILE_163	basal_epithelial_cell_of_prostatic_duct
basal_epithelial_cell_of_prostatic_duct_pseudoTILE_164	basal_epithelial_cell_of_prostatic_duct
basal_epithelial_cell_of_prostatic_duct_pseudoTILE_165	basal_epithelial_cell_of_prostatic_duct
basal_epithelial_cell_of_prostatic_duct_pseudoTILE_166	basal_epithelial_cell_of_prostatic_duct
basal_epithelial_cell_of_prostatic_duct_pseudoTILE_167	basal_epithelial_cell_of_prostatic_duct
basal_epithelial_cell_of_prostatic_duct_pseudoTILE_168	basal_epithelial_cell_of_prostatic_duct
basal_epithelial_cell_of_prostatic_duct_pseudoTILE_169	basal_epithelial_cell_of_prostatic_duct
basal_epithelial_cell_of_prostatic_duct_pseudoTILE_17	basal_epithelial_cell_of_prostatic_duct
basal_epithelial_cell_of_prostatic_duct_pseudoTILE_170	basal_epithelial_cell_of_prostatic_duct
basal_epithelial_cell_of_prostatic_duct_pseudoTILE_171	basal_epithelial_cell_of_prostatic_duct
basal_epithelial_cell_of_prostatic_duct_pseudoTILE_172	basal_epithelial_cell_of_prostatic_duct
basal_epithelial_cell_of_prostatic_duct_pseudoTILE_173	basal_epithelial_cell_of_prostatic_duct
basal_epithelial_cell_of_prostatic_duct_pseudoTILE_174	basal_epithelial_cell_of_prostatic_duct
basal_epithelial_cell_of_prostatic_duct_pseudoTILE_18	basal_epithelial_cell_of_prostatic_duct
basal_epithelial_cell_of_prostatic_duct_pseudoTILE_19	basal_epithelial_cell_of_prostatic_duct
basal_epithelial_cell_of_prostatic_duct_pseudoTILE_2	basal_epithelial_cell_of_prostatic_duct
basal_epithelial_cell_of_prostatic_duct_pseudoTILE_20	basal_epithelial_cell_of_prostatic_duct
basal_epithelial_cell_of_prostatic_duct_pseudoTILE_21	basal_epithelial_cell_of_prostatic_duct
basal_epithelial_cell_of_prostatic_duct_pseudoTILE_22	basal_epithelial_cell_of_prostatic_duct
basal_epithelial_cell_of_prostatic_duct_pseudoTILE_23	basal_epithelial_cell_of_prostatic_duct
basal_epithelial_cell_of_prostatic_duct_pseudoTILE_24	basal_epithelial_cell_of_prostatic_duct
basal_epithelial_cell_of_prostatic_duct_pseudoTILE_25	basal_epithelial_cell_of_prostatic_duct
basal_epithelial_cell_of_prostatic_duct_pseudoTILE_26	basal_epithelial_cell_of_prostatic_duct
basal_epithelial_cell_of_prostatic_duct_pseudoTILE_27	basal_epithelial_cell_of_prostatic_duct
basal_epithelial_cell_of_prostatic_duct_pseudoTILE_28	basal_epithelial_cell_of_prostatic_duct
basal_epithelial_cell_of_prostatic_duct_pseudoTILE_29	basal_epithelial_cell_of_prostatic_duct
basal_epithelial_cell_of_prostatic_duct_pseudoTILE_3	basal_epithelial_cell_of_prostatic_duct
basal_epithelial_cell_of_prostatic_duct_pseudoTILE_30	basal_epithelial_cell_of_prostatic_duct
basal_epithelial_cell_of_prostatic_duct_pseudoTILE_31	basal_epithelial_cell_of_prostatic_duct
basal_epithelial_cell_of_prostatic_duct_pseudoTILE_32	basal_epithelial_cell_of_prostatic_duct
basal_epithelial_cell_of_prostatic_duct_pseudoTILE_33	basal_epithelial_cell_of_prostatic_duct
basal_epithelial_cell_of_prostatic_duct_pseudoTILE_34	basal_epithelial_cell_of_prostatic_duct
basal_epithelial_cell_of_prostatic_duct_pseudoTILE_35	basal_epithelial_cell_of_prostatic_duct
basal_epithelial_cell_of_prostatic_duct_pseudoTILE_36	basal_epithelial_cell_of_prostatic_duct
basal_epithelial_cell_of_prostatic_duct_pseudoTILE_37	basal_epithelial_cell_of_prostatic_duct
basal_epithelial_cell_of_prostatic_duct_pseudoTILE_38	basal_epithelial_cell_of_prostatic_duct
basal_epithelial_cell_of_prostatic_duct_pseudoTILE_39	basal_epithelial_cell_of_prostatic_duct
basal_epithelial_cell_of_prostatic_duct_pseudoTILE_4	basal_epithelial_cell_of_prostatic_duct
basal_epithelial_cell_of_prostatic_duct_pseudoTILE_40	basal_epithelial_cell_of_prostatic_duct
basal_epithelial_cell_of_prostatic_duct_pseudoTILE_41	basal_epithelial_cell_of_prostatic_duct
basal_epithelial_cell_of_prostatic_duct_pseudoTILE_42	basal_epithelial_cell_of_prostatic_duct
basal_epithelial_cell_of_prostatic_duct_pseudoTILE_43	basal_epithelial_cell_of_prostatic_duct
basal_epithelial_cell_of_prostatic_duct_pseudoTILE_44	basal_epithelial_cell_of_prostatic_duct
basal_epithelial_cell_of_prostatic_duct_pseudoTILE_45	basal_epithelial_cell_of_prostatic_duct
basal_epithelial_cell_of_prostatic_duct_pseudoTILE_46	basal_epithelial_cell_of_prostatic_duct
basal_epithelial_cell_of_prostatic_duct_pseudoTILE_47	basal_epithelial_cell_of_prostatic_duct
basal_epithelial_cell_of_prostatic_duct_pseudoTILE_48	basal_epithelial_cell_of_prostatic_duct
basal_epithelial_cell_of_prostatic_duct_pseudoTILE_49	basal_epithelial_cell_of_prostatic_duct
basal_epithelial_cell_of_prostatic_duct_pseudoTILE_5	basal_epithelial_cell_of_prostatic_duct
basal_epithelial_cell_of_prostatic_duct_pseudoTILE_50	basal_epithelial_cell_of_prostatic_duct
basal_epithelial_cell_of_prostatic_duct_pseudoTILE_51	basal_epithelial_cell_of_prostatic_duct
basal_epithelial_cell_of_prostatic_duct_pseudoTILE_52	basal_epithelial_cell_of_prostatic_duct
basal_epithelial_cell_of_prostatic_duct_pseudoTILE_53	basal_epithelial_cell_of_prostatic_duct
basal_epithelial_cell_of_prostatic_duct_pseudoTILE_54	basal_epithelial_cell_of_prostatic_duct
basal_epithelial_cell_of_prostatic_duct_pseudoTILE_55	basal_epithelial_cell_of_prostatic_duct
basal_epithelial_cell_of_prostatic_duct_pseudoTILE_56	basal_epithelial_cell_of_prostatic_duct
basal_epithelial_cell_of_prostatic_duct_pseudoTILE_57	basal_epithelial_cell_of_prostatic_duct
basal_epithelial_cell_of_prostatic_duct_pseudoTILE_58	basal_epithelial_cell_of_prostatic_duct
basal_epithelial_cell_of_prostatic_duct_pseudoTILE_59	basal_epithelial_cell_of_prostatic_duct
basal_epithelial_cell_of_prostatic_duct_pseudoTILE_6	basal_epithelial_cell_of_prostatic_duct
basal_epithelial_cell_of_prostatic_duct_pseudoTILE_60	basal_epithelial_cell_of_prostatic_duct
basal_epithelial_cell_of_prostatic_duct_pseudoTILE_61	basal_epithelial_cell_of_prostatic_duct
basal_epithelial_cell_of_prostatic_duct_pseudoTILE_62	basal_epithelial_cell_of_prostatic_duct
basal_epithelial_cell_of_prostatic_duct_pseudoTILE_63	basal_epithelial_cell_of_prostatic_duct
basal_epithelial_cell_of_prostatic_duct_pseudoTILE_64	basal_epithelial_cell_of_prostatic_duct
basal_epithelial_cell_of_prostatic_duct_pseudoTILE_65	basal_epithelial_cell_of_prostatic_duct
basal_epithelial_cell_of_prostatic_duct_pseudoTILE_66	basal_epithelial_cell_of_prostatic_duct
basal_epithelial_cell_of_prostatic_duct_pseudoTILE_67	basal_epithelial_cell_of_prostatic_duct
basal_epithelial_cell_of_prostatic_duct_pseudoTILE_68	basal_epithelial_cell_of_prostatic_duct
basal_epithelial_cell_of_prostatic_duct_pseudoTILE_69	basal_epithelial_cell_of_prostatic_duct
basal_epithelial_cell_of_prostatic_duct_pseudoTILE_7	basal_epithelial_cell_of_prostatic_duct
basal_epithelial_cell_of_prostatic_duct_pseudoTILE_70	basal_epithelial_cell_of_prostatic_duct
basal_epithelial_cell_of_prostatic_duct_pseudoTILE_71	basal_epithelial_cell_of_prostatic_duct
basal_epithelial_cell_of_prostatic_duct_pseudoTILE_72	basal_epithelial_cell_of_prostatic_duct
basal_epithelial_cell_of_prostatic_duct_pseudoTILE_73	basal_epithelial_cell_of_prostatic_duct
basal_epithelial_cell_of_prostatic_duct_pseudoTILE_74	basal_epithelial_cell_of_prostatic_duct
basal_epithelial_cell_of_prostatic_duct_pseudoTILE_75	basal_epithelial_cell_of_prostatic_duct
basal_epithelial_cell_of_prostatic_duct_pseudoTILE_76	basal_epithelial_cell_of_prostatic_duct
basal_epithelial_cell_of_prostatic_duct_pseudoTILE_77	basal_epithelial_cell_of_prostatic_duct
basal_epithelial_cell_of_prostatic_duct_pseudoTILE_78	basal_epithelial_cell_of_prostatic_duct
basal_epithelial_cell_of_prostatic_duct_pseudoTILE_79	basal_epithelial_cell_of_prostatic_duct
basal_epithelial_cell_of_prostatic_duct_pseudoTILE_8	basal_epithelial_cell_of_prostatic_duct
basal_epithelial_cell_of_prostatic_duct_pseudoTILE_80	basal_epithelial_cell_of_prostatic_duct
basal_epithelial_cell_of_prostatic_duct_pseudoTILE_81	basal_epithelial_cell_of_prostatic_duct
basal_epithelial_cell_of_prostatic_duct_pseudoTILE_82	basal_epithelial_cell_of_prostatic_duct
basal_epithelial_cell_of_prostatic_duct_pseudoTILE_83	basal_epithelial_cell_of_prostatic_duct
basal_epithelial_cell_of_prostatic_duct_pseudoTILE_84	basal_epithelial_cell_of_prostatic_duct
basal_epithelial_cell_of_prostatic_duct_pseudoTILE_85	basal_epithelial_cell_of_prostatic_duct
basal_epithelial_cell_of_prostatic_duct_pseudoTILE_86	basal_epithelial_cell_of_prostatic_duct
basal_epithelial_cell_of_prostatic_duct_pseudoTILE_87	basal_epithelial_cell_of_prostatic_duct
basal_epithelial_cell_of_prostatic_duct_pseudoTILE_88	basal_epithelial_cell_of_prostatic_duct
basal_epithelial_cell_of_prostatic_duct_pseudoTILE_89	basal_epithelial_cell_of_prostatic_duct
basal_epithelial_cell_of_prostatic_duct_pseudoTILE_9	basal_epithelial_cell_of_prostatic_duct
basal_epithelial_cell_of_prostatic_duct_pseudoTILE_90	basal_epithelial_cell_of_prostatic_duct
basal_epithelial_cell_of_prostatic_duct_pseudoTILE_91	basal_epithelial_cell_of_prostatic_duct
basal_epithelial_cell_of_prostatic_duct_pseudoTILE_92	basal_epithelial_cell_of_prostatic_duct
basal_epithelial_cell_of_prostatic_duct_pseudoTILE_93	basal_epithelial_cell_of_prostatic_duct
basal_epithelial_cell_of_prostatic_duct_pseudoTILE_94	basal_epithelial_cell_of_prostatic_duct
basal_epithelial_cell_of_prostatic_duct_pseudoTILE_95	basal_epithelial_cell_of_prostatic_duct
basal_epithelial_cell_of_prostatic_duct_pseudoTILE_96	basal_epithelial_cell_of_prostatic_duct
basal_epithelial_cell_of_prostatic_duct_pseudoTILE_97	basal_epithelial_cell_of_prostatic_duct
basal_epithelial_cell_of_prostatic_duct_pseudoTILE_98	basal_epithelial_cell_of_prostatic_duct
basal_epithelial_cell_of_prostatic_duct_pseudoTILE_99	basal_epithelial_cell_of_prostatic_duct
tumor_cell_markers_pseudoTILE_1	tumor_cell_markers
tumor_cell_markers_pseudoTILE_10	tumor_cell_markers
tumor_cell_markers_pseudoTILE_100	tumor_cell_markers
tumor_cell_markers_pseudoTILE_101	tumor_cell_markers
tumor_cell_markers_pseudoTILE_102	tumor_cell_markers
tumor_cell_markers_pseudoTILE_103	tumor_cell_markers
tumor_cell_markers_pseudoTILE_104	tumor_cell_markers
tumor_cell_markers_pseudoTILE_105	tumor_cell_markers
tumor_cell_markers_pseudoTILE_106	tumor_cell_markers
tumor_cell_markers_pseudoTILE_107	tumor_cell_markers
tumor_cell_markers_pseudoTILE_108	tumor_cell_markers
tumor_cell_markers_pseudoTILE_109	tumor_cell_markers
tumor_cell_markers_pseudoTILE_11	tumor_cell_markers
tumor_cell_markers_pseudoTILE_110	tumor_cell_markers
tumor_cell_markers_pseudoTILE_111	tumor_cell_markers
tumor_cell_markers_pseudoTILE_112	tumor_cell_markers
tumor_cell_markers_pseudoTILE_113	tumor_cell_markers
tumor_cell_markers_pseudoTILE_114	tumor_cell_markers
tumor_cell_markers_pseudoTILE_115	tumor_cell_markers
tumor_cell_markers_pseudoTILE_116	tumor_cell_markers
tumor_cell_markers_pseudoTILE_117	tumor_cell_markers
tumor_cell_markers_pseudoTILE_118	tumor_cell_markers
tumor_cell_markers_pseudoTILE_119	tumor_cell_markers
tumor_cell_markers_pseudoTILE_12	tumor_cell_markers
tumor_cell_markers_pseudoTILE_120	tumor_cell_markers
tumor_cell_markers_pseudoTILE_121	tumor_cell_markers
tumor_cell_markers_pseudoTILE_122	tumor_cell_markers
tumor_cell_markers_pseudoTILE_123	tumor_cell_markers
tumor_cell_markers_pseudoTILE_124	tumor_cell_markers
tumor_cell_markers_pseudoTILE_125	tumor_cell_markers
tumor_cell_markers_pseudoTILE_126	tumor_cell_markers
tumor_cell_markers_pseudoTILE_127	tumor_cell_markers
tumor_cell_markers_pseudoTILE_128	tumor_cell_markers
tumor_cell_markers_pseudoTILE_129	tumor_cell_markers
tumor_cell_markers_pseudoTILE_13	tumor_cell_markers
tumor_cell_markers_pseudoTILE_130	tumor_cell_markers
tumor_cell_markers_pseudoTILE_131	tumor_cell_markers
tumor_cell_markers_pseudoTILE_132	tumor_cell_markers
tumor_cell_markers_pseudoTILE_133	tumor_cell_markers
tumor_cell_markers_pseudoTILE_134	tumor_cell_markers
tumor_cell_markers_pseudoTILE_135	tumor_cell_markers
tumor_cell_markers_pseudoTILE_136	tumor_cell_markers
tumor_cell_markers_pseudoTILE_137	tumor_cell_markers
tumor_cell_markers_pseudoTILE_138	tumor_cell_markers
tumor_cell_markers_pseudoTILE_139	tumor_cell_markers
tumor_cell_markers_pseudoTILE_14	tumor_cell_markers
tumor_cell_markers_pseudoTILE_140	tumor_cell_markers
tumor_cell_markers_pseudoTILE_141	tumor_cell_markers
tumor_cell_markers_pseudoTILE_142	tumor_cell_markers
tumor_cell_markers_pseudoTILE_143	tumor_cell_markers
tumor_cell_markers_pseudoTILE_144	tumor_cell_markers
tumor_cell_markers_pseudoTILE_145	tumor_cell_markers
tumor_cell_markers_pseudoTILE_146	tumor_cell_markers
tumor_cell_markers_pseudoTILE_147	tumor_cell_markers
tumor_cell_markers_pseudoTILE_148	tumor_cell_markers
tumor_cell_markers_pseudoTILE_149	tumor_cell_markers
tumor_cell_markers_pseudoTILE_15	tumor_cell_markers
tumor_cell_markers_pseudoTILE_150	tumor_cell_markers
tumor_cell_markers_pseudoTILE_151	tumor_cell_markers
tumor_cell_markers_pseudoTILE_152	tumor_cell_markers
tumor_cell_markers_pseudoTILE_153	tumor_cell_markers
tumor_cell_markers_pseudoTILE_154	tumor_cell_markers
tumor_cell_markers_pseudoTILE_155	tumor_cell_markers
tumor_cell_markers_pseudoTILE_156	tumor_cell_markers
tumor_cell_markers_pseudoTILE_157	tumor_cell_markers
tumor_cell_markers_pseudoTILE_158	tumor_cell_markers
tumor_cell_markers_pseudoTILE_159	tumor_cell_markers
tumor_cell_markers_pseudoTILE_16	tumor_cell_markers
tumor_cell_markers_pseudoTILE_160	tumor_cell_markers
tumor_cell_markers_pseudoTILE_161	tumor_cell_markers
tumor_cell_markers_pseudoTILE_162	tumor_cell_markers
tumor_cell_markers_pseudoTILE_163	tumor_cell_markers
tumor_cell_markers_pseudoTILE_164	tumor_cell_markers
tumor_cell_markers_pseudoTILE_165	tumor_cell_markers
tumor_cell_markers_pseudoTILE_166	tumor_cell_markers
tumor_cell_markers_pseudoTILE_167	tumor_cell_markers
tumor_cell_markers_pseudoTILE_168	tumor_cell_markers
tumor_cell_markers_pseudoTILE_169	tumor_cell_markers
tumor_cell_markers_pseudoTILE_17	tumor_cell_markers
tumor_cell_markers_pseudoTILE_170	tumor_cell_markers
tumor_cell_markers_pseudoTILE_171	tumor_cell_markers
tumor_cell_markers_pseudoTILE_172	tumor_cell_markers
tumor_cell_markers_pseudoTILE_173	tumor_cell_markers
tumor_cell_markers_pseudoTILE_174	tumor_cell_markers
tumor_cell_markers_pseudoTILE_175	tumor_cell_markers
tumor_cell_markers_pseudoTILE_176	tumor_cell_markers
tumor_cell_markers_pseudoTILE_177	tumor_cell_markers
tumor_cell_markers_pseudoTILE_178	tumor_cell_markers
tumor_cell_markers_pseudoTILE_179	tumor_cell_markers
tumor_cell_markers_pseudoTILE_18	tumor_cell_markers
tumor_cell_markers_pseudoTILE_180	tumor_cell_markers
tumor_cell_markers_pseudoTILE_181	tumor_cell_markers
tumor_cell_markers_pseudoTILE_182	tumor_cell_markers
tumor_cell_markers_pseudoTILE_183	tumor_cell_markers
tumor_cell_markers_pseudoTILE_184	tumor_cell_markers
tumor_cell_markers_pseudoTILE_185	tumor_cell_markers
tumor_cell_markers_pseudoTILE_186	tumor_cell_markers
tumor_cell_markers_pseudoTILE_19	tumor_cell_markers
tumor_cell_markers_pseudoTILE_2	tumor_cell_markers
tumor_cell_markers_pseudoTILE_20	tumor_cell_markers
tumor_cell_markers_pseudoTILE_21	tumor_cell_markers
tumor_cell_markers_pseudoTILE_22	tumor_cell_markers
tumor_cell_markers_pseudoTILE_23	tumor_cell_markers
tumor_cell_markers_pseudoTILE_24	tumor_cell_markers
tumor_cell_markers_pseudoTILE_25	tumor_cell_markers
tumor_cell_markers_pseudoTILE_26	tumor_cell_markers
tumor_cell_markers_pseudoTILE_27	tumor_cell_markers
tumor_cell_markers_pseudoTILE_28	tumor_cell_markers
tumor_cell_markers_pseudoTILE_29	tumor_cell_markers
tumor_cell_markers_pseudoTILE_3	tumor_cell_markers
tumor_cell_markers_pseudoTILE_30	tumor_cell_markers
tumor_cell_markers_pseudoTILE_31	tumor_cell_markers
tumor_cell_markers_pseudoTILE_32	tumor_cell_markers
tumor_cell_markers_pseudoTILE_33	tumor_cell_markers
tumor_cell_markers_pseudoTILE_34	tumor_cell_markers
tumor_cell_markers_pseudoTILE_35	tumor_cell_markers
tumor_cell_markers_pseudoTILE_36	tumor_cell_markers
tumor_cell_markers_pseudoTILE_37	tumor_cell_markers
tumor_cell_markers_pseudoTILE_38	tumor_cell_markers
tumor_cell_markers_pseudoTILE_39	tumor_cell_markers
tumor_cell_markers_pseudoTILE_4	tumor_cell_markers
tumor_cell_markers_pseudoTILE_40	tumor_cell_markers
tumor_cell_markers_pseudoTILE_41	tumor_cell_markers
tumor_cell_markers_pseudoTILE_42	tumor_cell_markers
tumor_cell_markers_pseudoTILE_43	tumor_cell_markers
tumor_cell_markers_pseudoTILE_44	tumor_cell_markers
tumor_cell_markers_pseudoTILE_45	tumor_cell_markers
tumor_cell_markers_pseudoTILE_46	tumor_cell_markers
tumor_cell_markers_pseudoTILE_47	tumor_cell_markers
tumor_cell_markers_pseudoTILE_48	tumor_cell_markers
tumor_cell_markers_pseudoTILE_49	tumor_cell_markers
tumor_cell_markers_pseudoTILE_5	tumor_cell_markers
tumor_cell_markers_pseudoTILE_50	tumor_cell_markers
tumor_cell_markers_pseudoTILE_51	tumor_cell_markers
tumor_cell_markers_pseudoTILE_52	tumor_cell_markers
tumor_cell_markers_pseudoTILE_53	tumor_cell_markers
tumor_cell_markers_pseudoTILE_54	tumor_cell_markers
tumor_cell_markers_pseudoTILE_55	tumor_cell_markers
tumor_cell_markers_pseudoTILE_56	tumor_cell_markers
tumor_cell_markers_pseudoTILE_57	tumor_cell_markers
tumor_cell_markers_pseudoTILE_58	tumor_cell_markers
tumor_cell_markers_pseudoTILE_59	tumor_cell_markers
tumor_cell_markers_pseudoTILE_6	tumor_cell_markers
tumor_cell_markers_pseudoTILE_60	tumor_cell_markers
tumor_cell_markers_pseudoTILE_61	tumor_cell_markers
tumor_cell_markers_pseudoTILE_62	tumor_cell_markers
tumor_cell_markers_pseudoTILE_63	tumor_cell_markers
tumor_cell_markers_pseudoTILE_64	tumor_cell_markers
tumor_cell_markers_pseudoTILE_65	tumor_cell_markers
tumor_cell_markers_pseudoTILE_66	tumor_cell_markers
tumor_cell_markers_pseudoTILE_67	tumor_cell_markers
tumor_cell_markers_pseudoTILE_68	tumor_cell_markers
tumor_cell_markers_pseudoTILE_69	tumor_cell_markers
tumor_cell_markers_pseudoTILE_7	tumor_cell_markers
tumor_cell_markers_pseudoTILE_70	tumor_cell_markers
tumor_cell_markers_pseudoTILE_71	tumor_cell_markers
tumor_cell_markers_pseudoTILE_72	tumor_cell_markers
tumor_cell_markers_pseudoTILE_73	tumor_cell_markers
tumor_cell_markers_pseudoTILE_74	tumor_cell_markers
tumor_cell_markers_pseudoTILE_75	tumor_cell_markers
tumor_cell_markers_pseudoTILE_76	tumor_cell_markers
tumor_cell_markers_pseudoTILE_77	tumor_cell_markers
tumor_cell_markers_pseudoTILE_78	tumor_cell_markers
tumor_cell_markers_pseudoTILE_79	tumor_cell_markers
tumor_cell_markers_pseudoTILE_8	tumor_cell_markers
tumor_cell_markers_pseudoTILE_80	tumor_cell_markers
tumor_cell_markers_pseudoTILE_81	tumor_cell_markers
tumor_cell_markers_pseudoTILE_82	tumor_cell_markers
tumor_cell_markers_pseudoTILE_83	tumor_cell_markers
tumor_cell_markers_pseudoTILE_84	tumor_cell_markers
tumor_cell_markers_pseudoTILE_85	tumor_cell_markers
tumor_cell_markers_pseudoTILE_86	tumor_cell_markers
tumor_cell_markers_pseudoTILE_87	tumor_cell_markers
tumor_cell_markers_pseudoTILE_88	tumor_cell_markers
tumor_cell_markers_pseudoTILE_89	tumor_cell_markers
tumor_cell_markers_pseudoTILE_9	tumor_cell_markers
tumor_cell_markers_pseudoTILE_90	tumor_cell_markers
tumor_cell_markers_pseudoTILE_91	tumor_cell_markers
tumor_cell_markers_pseudoTILE_92	tumor_cell_markers
tumor_cell_markers_pseudoTILE_93	tumor_cell_markers
tumor_cell_markers_pseudoTILE_94	tumor_cell_markers
tumor_cell_markers_pseudoTILE_95	tumor_cell_markers
tumor_cell_markers_pseudoTILE_96	tumor_cell_markers
tumor_cell_markers_pseudoTILE_97	tumor_cell_markers
tumor_cell_markers_pseudoTILE_98	tumor_cell_markers
tumor_cell_markers_pseudoTILE_99	tumor_cell_markers